Rk,Player,Age,Team,Lg,PA,Rbat,Rbaser,Rdp,Rfield,Rpos,RAA,WAA,Rrep,RAR,WAR,waaWL%,162WL%,oWAR,dWAR,oRAR,Pos,Awards,Player-additional
1,Aaron Judge,30,NYY,AL,696,80,2,-2,5,-2,83,8.6,23,105,10.8,.555,.553,10.3,0.3,100,*89D/H,ASMVP-1SS,judgeaa01
2,Nolan Arenado,31,STL,NL,620,35,0,-1,20,2,55,5.9,21,76,7.9,.539,.536,5.7,2.4,56,*5D/H,ASMVP-3GGSS,arenano01
3,Paul Goldschmidt,34,STL,NL,651,59,1,0,2,-8,54,5.6,22,75,7.7,.536,.534,7.4,-0.6,73,*3D/H,ASMVP-1SS,goldspa01
4,Andrés Giménez*,23,CLE,AL,557,25,4,1,17,5,52,5.5,19,71,7.4,.538,.534,5.6,2.4,54,*46/H,ASMVP-6GG,gimenan01
5,Yordan Alvarez*,25,HOU,AL,561,51,0,-1,5,-8,47,5.0,19,66,6.8,.537,.531,6.4,-0.4,61,D7/H,ASMVP-3SS,alvaryo01
6,Manny Machado,29,SDP,NL,644,42,2,0,-2,3,45,4.7,22,67,6.8,.531,.529,7.0,0.1,69,*5D/H,ASMVP-2,machama01
7,Mookie Betts,29,LAD,NL,639,32,2,1,15,-4,45,4.8,20,66,6.7,.533,.529,5.1,1.2,50,*9/4HD,ASMVP-5GGSS,bettsmo01
8,J.T. Realmuto,31,PHI,NL,562,20,5,1,10,9,45,4.7,19,64,6.5,.533,.529,5.5,2.1,54,*2/H3D,MVP-7GGSS,realmjt01
9,Austin Riley,25,ATL,NL,693,32,-2,-1,7,4,40,4.3,23,63,6.4,.526,.526,5.6,1.3,56,*5/3H,ASMVP-6,rileyau01
10,Tommy Edman#,27,STL,NL,630,3,7,2,18,8,38,4.1,22,60,6.2,.526,.525,4.2,2.8,42,46/5H98,,edmanto01
11,Freddie Freeman*,32,LAD,NL,708,46,0,2,-2,-7,38,4.1,23,61,6.2,.525,.525,6.4,-1.0,63,*3,ASMVP-4,freemfr01
12,Julio Rodríguez,21,SEA,AL,560,31,3,0,3,4,42,4.4,19,61,6.2,.533,.527,6.0,0.7,58,*8/DH,ASMVP-7ROY-1SS,rodriju01
13,Mike Trout,30,LAA,AL,499,43,-1,-1,-1,3,43,4.5,17,60,6.1,.538,.528,6.3,0.2,61,*8/DH,ASMVP-8SS,troutmi01
14,Jeff McNeil*,30,NYM,NL,589,25,2,2,7,2,38,4.0,20,58,5.9,.526,.524,5.1,0.9,51,479/DH5,ASMVP-15SS,mcneije01
15,José Ramírez#,29,CLE,AL,685,29,2,2,1,1,35,3.7,23,58,5.9,.524,.523,5.8,0.2,57,*5D,ASMVP-4SS,ramirjo01
16,Xander Bogaerts,29,BOS,AL,631,21,2,-1,3,8,34,3.6,22,56,5.7,.524,.522,5.4,1.2,53,*6/DH,ASMVP-9SS,bogaexa01
17,Steven Kwan*,24,CLE,AL,638,18,3,2,16,-5,34,3.6,21,55,5.7,.525,.522,4.0,1.2,39,*79/8HD,ROY-3GG,kwanst01
18,Marcus Semien,31,TEX,AL,724,9,5,1,11,6,32,3.4,23,55,5.7,.521,.521,4.5,1.8,44,*46,,semiema01
19,Dansby Swanson,28,ATL,NL,696,10,3,-1,9,10,31,3.3,23,54,5.5,.520,.520,4.5,2.0,45,*6,ASMVP-12GG,swansda01
20,Kyle Tucker*,25,HOU,AL,609,18,4,0,15,-5,32,3.5,21,53,5.5,.523,.521,3.9,1.1,38,*9/DH,ASMVP-15GG,tuckeky01
21,Juan Soto*,23,2TM,NL,664,39,-1,1,-2,-5,32,3.4,22,54,5.5,.522,.511,5.7,-0.7,56,*9/DH,ASSS,sotoju01
21,Juan Soto*,23,WSN,NL,436,30,-1,0,-4,-3,22,2.4,15,37,3.7,.523,.514,4.1,-0.7,41,9/DH,,sotoju01
21,Juan Soto*,23,SDP,NL,228,9,-1,1,2,-2,10,1.0,8,17,1.7,.520,.506,1.5,0.1,15,9,,sotoju01
22,Francisco Lindor#,28,NYM,NL,706,22,0,1,-3,9,31,3.3,23,54,5.4,.520,.519,5.7,0.7,57,*6/D,MVP-9,lindofr01
23,Adley Rutschman#,24,BAL,AL,470,18,4,1,9,5,36,3.9,16,52,5.4,.534,.524,4.5,1.5,43,2D/H,MVP-12ROY-2,rutscad01
24,Carlos Correa,27,MIN,AL,590,26,-2,-2,3,8,32,3.4,20,52,5.3,.525,.521,5.1,1.1,49,*6/DH,,correca01
25,Jose Altuve,32,HOU,AL,604,41,2,-2,-15,4,31,3.3,20,52,5.2,.523,.520,6.9,-1.2,67,*4/HD,ASMVP-5SS,altuvjo01
26,Trea Turner,29,LAD,NL,708,16,3,1,-1,10,29,3.1,23,52,5.2,.519,.518,5.3,1.0,53,*6,ASMVP-11SS,turnetr01
27,Michael Harris II*,21,ATL,NL,441,17,5,1,7,3,34,3.6,15,49,5.1,.531,.522,4.3,1.1,42,*8,MVP-13ROY-1,harrimi04
28,Ha-Seong Kim,26,SDP,NL,582,5,2,1,13,8,29,3.1,20,49,5.0,.520,.519,3.6,2.3,35,*65/H,,kimha01
29,Brandon Nimmo*,29,NYM,NL,673,27,0,0,-4,5,27,2.9,22,49,5.0,.519,.518,5.4,0.1,53,*8,,nimmobr01
30,Jeremy Peña,24,HOU,AL,558,1,0,3,16,8,29,3.1,19,48,5.0,.523,.519,3.3,2.6,32,*6/H,ROY-5GG,penaje02
31,Christian Walker,31,ARI,NL,667,20,-1,-1,17,-8,26,2.9,23,49,5.0,.517,.517,3.1,1.0,32,*3D/H,GG,walkech02
32,Daulton Varsho*,25,ARI,NL,592,5,3,1,19,0,28,3.0,20,48,4.9,.519,.518,2.9,2.1,29,*982D/H,,varshda01
33,Alex Bregman,28,HOU,AL,656,24,0,-1,-5,4,22,2.3,22,44,4.5,.515,.514,5.1,-0.1,49,*5/H,MVP-19,bregmal01
34,Rafael Devers*,25,BOS,AL,614,28,-2,0,-6,4,24,2.5,20,44,4.5,.518,.515,5.2,-0.3,50,*5/DH,ASMVP-14,deverra01
35,Ke'Bryan Hayes,25,PIT,NL,560,-6,2,0,25,4,24,2.7,19,43,4.5,.519,.516,1.8,3.1,18,*5/H6D,,hayeske01
36,Will Smith,27,LAD,NL,578,16,-3,-1,6,6,24,2.6,20,44,4.5,.518,.516,3.8,1.3,38,*2D/H,,smithwi05
37,Pete Alonso,27,NYM,NL,685,32,-1,0,-2,-9,21,2.2,23,44,4.4,.513,.513,4.6,-1.1,46,*3D,ASMVP-8,alonspe01
38,José Abreu,35,CHW,AL,679,28,1,-2,1,-9,20,2.1,23,42,4.3,.513,.513,4.2,-0.9,41,*3D,MVP-17,abreujo02
39,Willy Adames,26,MIL,NL,617,5,-1,0,9,8,22,2.4,20,42,4.3,.517,.514,3.3,1.9,33,*6/DH,,adamewi01
40,Ian Happ#,27,CHC,NL,641,12,-2,1,15,-6,20,2.2,22,42,4.3,.514,.513,2.7,1.1,27,*7D/H8,ASGG,happia01
41,Brendan Rodgers,25,COL,NL,581,-3,2,-3,22,4,22,2.5,20,42,4.3,.517,.515,1.9,2.9,20,*4/D,GG,rodgebr02
42,Nico Hoerner,25,CHC,NL,517,2,2,1,10,8,23,2.5,18,41,4.2,.518,.515,3.1,1.9,31,*6/H5D,,hoernni01
43,Amed Rosario,26,CLE,AL,670,3,5,0,4,8,19,2.1,22,42,4.2,.514,.513,3.8,1.2,37,*6/7DH,,rosaram01
44,George Springer,32,TOR,AL,583,21,5,1,-3,-2,23,2.4,19,42,4.2,.518,.515,4.6,-0.6,45,8D9/H,AS,springe01
45,Luis Arraez*,25,MIN,AL,603,21,-2,1,4,-5,20,2.1,21,40,4.1,.515,.513,3.7,-0.1,36,34DH/5,ASMVP-13SS,arraelu01
46,Eugenio Suárez,30,SEA,AL,629,21,-1,-2,-1,2,18,2.0,21,40,4.1,.513,.512,4.2,0.1,41,*5D/H,,suareeu01
47,Gleyber Torres,25,NYY,AL,572,9,0,-2,9,4,20,2.2,20,40,4.1,.515,.513,3.1,1.4,31,*4/DH6,,torregl01
48,Brendan Donovan*,25,STL,NL,468,16,-1,1,9,-1,23,2.5,16,39,4.0,.519,.515,3.0,0.9,30,45973DH/6,ROY-3GG,donovbr01
49,Vladimir Guerrero Jr.,23,TOR,AL,706,25,-1,-1,3,-9,17,1.8,23,40,4.0,.511,.511,3.8,-0.7,37,*3D/H5,ASMVP-16GG,guerrvl02
50,Alejandro Kirk,23,TOR,AL,541,21,-5,0,4,1,21,2.2,18,39,4.0,.516,.514,3.6,0.5,35,2DH,ASSS,kirkal01
51,Cedric Mullins*,27,BAL,AL,672,5,2,1,5,4,17,1.9,23,40,4.0,.512,.511,3.5,1.0,35,*8/HD,,mullice01
52,Byron Buxton,28,MIN,AL,382,16,1,1,8,-1,25,2.7,13,38,3.9,.529,.517,3.1,0.7,30,8D/H,AS,buxtoby01
53,Jake Cronenworth*,28,SDP,NL,684,9,2,2,-2,4,16,1.8,23,39,3.9,.511,.510,4.1,0.3,41,*43/6HD,AS,croneja01
54,Cal Raleigh#,25,SEA,AL,415,11,0,0,6,8,23,2.5,14,37,3.9,.521,.515,3.3,1.4,31,*2H/D,,raleica01
55,Willson Contreras,30,CHC,NL,487,18,-1,0,2,2,21,2.2,16,37,3.8,.519,.513,3.5,0.5,35,2D/H,AS,contrwi01
56,Starling Marte,33,NYM,NL,505,20,0,0,3,-4,20,2.1,17,37,3.8,.518,.513,3.4,0.0,34,*9/8HD,ASMVP-19,martest01
57,Corey Seager*,28,TEX,AL,663,9,2,0,-4,8,16,1.7,22,38,3.8,.511,.510,4.3,0.4,42,*6/D,AS,seageco01
58,Ramón Urías,28,BAL,AL,445,3,1,0,14,3,21,2.3,15,37,3.8,.520,.514,2.3,1.9,23,54/6HD,GG,uriasra01
59,Bo Bichette,24,TOR,AL,697,25,-3,-1,-16,9,14,1.5,23,37,3.7,.509,.509,5.5,-0.8,53,*6/DH,MVP-11,bichebo01
60,Matt Chapman,29,TOR,AL,621,9,0,-1,3,4,16,1.7,21,37,3.7,.511,.510,3.5,0.7,34,*5/HD,,chapmma01
61,Adolis García,29,TEX,AL,657,6,5,1,6,-3,14,1.5,22,37,3.7,.510,.509,3.1,0.3,31,*98D/H,,garciad02
62,Jorge Mateo,27,BAL,AL,533,-11,5,0,15,8,18,1.9,18,36,3.7,.513,.512,2.1,2.5,21,*6/H,,mateojo01
63,Sean Murphy,27,OAK,AL,612,14,0,-1,-4,6,15,1.6,21,36,3.7,.511,.510,4.1,0.2,40,*2D/H,MVP-22,murphse01
64,DJ LeMahieu,33,NYY,AL,541,10,-1,0,8,0,17,1.9,18,35,3.6,.515,.511,2.8,0.9,27,543/HD,GG,lemahdj01
65,Taylor Ward,28,LAA,AL,564,23,1,0,-4,-4,15,1.6,19,35,3.5,.512,.510,4.0,-0.9,39,*9/8H57D,,wardta01
66,Yandy Díaz,30,TBR,AL,558,29,-1,0,-14,1,15,1.5,19,34,3.4,.511,.509,4.9,-1.5,48,53DH,MVP-20,diazya01
67,Shohei Ohtani*,27,LAA,AL,666,30,-2,2,0,-15,15,1.6,23,38,3.4,.511,.510,3.5,-1.7,38,*D1/H,ASCYA-4MVP-2,ohtansh01
68,Michael A. Taylor,31,KCR,AL,456,-6,-1,0,20,3,17,1.9,16,33,3.4,.515,.511,1.2,2.5,12,*8/H1D,,taylomi02
69,Matt Olson*,28,ATL,NL,699,12,-1,0,6,-8,9,1.1,23,33,3.3,.506,.506,2.6,-0.1,27,*3,,olsonma02
70,Nathaniel Lowe*,26,TEX,AL,645,30,-4,1,-9,-8,10,1.1,22,32,3.2,.507,.507,4.2,-1.9,41,*3/DH,SS,lowena01
71,Ryan McMahon*,27,COL,NL,597,-2,0,-1,10,4,11,1.2,20,31,3.2,.508,.507,2.1,1.5,21,*54/H3D,,mcmahry01
72,Max Muncy*,31,LAD,NL,565,1,0,1,8,1,11,1.3,19,30,3.1,.509,.507,2.2,1.0,22,54D/H3,,muncyma01
73,Josh Rojas*,28,ARI,NL,510,5,5,1,-1,3,13,1.5,17,31,3.1,.511,.508,3.2,0.2,32,54/HD,,rojasjo01
74,Elvis Andrus,33,2TM,AL,577,4,5,-1,-5,8,11,1.2,19,31,3.1,.508,.502,3.7,0.3,36,*6/HD,,andruel01
74,Elvis Andrus,33,OAK,AL,386,0,2,-2,-5,6,1,0.1,13,14,1.4,.501,.501,1.9,0.0,19,6/HD,,andruel01
74,Elvis Andrus,33,CHW,AL,191,4,3,1,0,3,11,1.1,6,17,1.7,.526,.507,1.7,0.3,17,6/D,,andruel01
75,Ty France,27,SEA,AL,613,19,-1,-1,-1,-7,10,1.0,20,30,3.0,.507,.506,3.1,-0.9,31,*3/D5H4,AS,francty01
76,Teoscar Hernández,29,TOR,AL,535,20,-1,-2,0,-5,12,1.3,18,30,3.0,.510,.508,3.1,-0.6,30,*9D/7H,,hernate01
77,Rhys Hoskins,29,PHI,NL,672,18,-5,-1,3,-7,8,0.9,23,30,3.0,.505,.505,2.7,-0.4,27,*3/DH,,hoskirh01
78,Bryan Reynolds#,27,PIT,NL,614,21,-1,1,-14,2,9,1.0,21,30,3.0,.507,.506,4.4,-1.2,44,*8D/7H,,reynobr01
79,Luis Urías,25,MIL,NL,472,7,0,-1,2,5,13,1.4,16,29,3.0,.512,.508,2.7,0.7,27,546/H,,uriaslu01
80,Kolten Wong*,31,MIL,NL,497,8,0,1,-1,4,13,1.4,17,30,3.0,.510,.508,3.1,0.3,31,*4H/6D,,wongko01
81,Josh Bell#,29,2TM,NL,647,23,-3,-3,-1,-9,7,0.8,22,29,2.9,.505,.505,3.0,-1.0,30,*3D/H,SS,belljo02
81,Josh Bell#,29,WSN,NL,437,26,-2,-3,1,-5,18,1.9,15,33,3.3,.518,.512,3.2,-0.4,32,3,,belljo02
81,Josh Bell#,29,SDP,NL,210,-3,-2,0,-2,-4,-11,-1.1,7,-4,-0.5,.478,.493,-0.2,-0.6,-2,D3/H,,belljo02
82,Austin Hays,26,BAL,AL,582,6,-1,0,9,-5,9,1.0,20,29,2.9,.507,.506,2.0,0.4,20,*79/8DH,,haysau01
83,Danny Jansen,27,TOR,AL,248,11,0,0,5,4,20,2.1,8,28,2.9,.530,.513,2.4,1.0,23,2/HD,,janseda01
84,Isiah Kiner-Falefa,27,NYY,AL,531,-10,2,0,10,8,11,1.1,18,29,2.9,.508,.507,1.9,1.9,19,*6/5H,,kineris01
85,Jurickson Profar#,29,SDP,NL,658,9,2,0,2,-5,8,0.9,22,30,2.9,.505,.505,2.7,-0.3,27,*7/DH,,profaju01
86,Gio Urshela,30,MIN,AL,551,9,-3,-3,3,3,10,1.1,19,29,2.9,.508,.507,2.6,0.7,26,*5/DH6,,urshegi01
87,Andrew Benintendi*,27,2TM,AL,521,14,1,0,-1,-4,11,1.1,18,28,2.9,.509,.505,3.0,-0.6,29,*7/HD,AS,beninan01
87,Andrew Benintendi*,27,KCR,AL,390,13,1,0,-1,-3,9,1.0,13,23,2.3,.511,.506,2.4,-0.4,24,7/HD,,beninan01
87,Andrew Benintendi*,27,NYY,AL,131,1,1,0,0,-1,1,0.1,4,6,0.6,.504,.501,0.6,-0.1,6,7/H,,beninan01
88,Travis d'Arnaud,33,ATL,NL,426,8,-2,-1,0,7,13,1.4,15,27,2.8,.512,.508,2.7,0.8,27,2/DH,AS,darnatr01
89,Gavin Lux*,24,LAD,NL,471,3,1,3,1,3,11,1.2,16,27,2.8,.509,.507,2.6,0.4,26,47/6HD,,luxga01
90,J.P. Crawford*,27,SEA,AL,603,2,-1,1,-4,9,6,0.7,21,27,2.7,.505,.504,3.2,0.5,31,*6/H,,crawfjp01
91,Trent Grisham*,25,SDP,NL,524,-11,3,3,10,4,9,1.0,18,27,2.7,.506,.506,1.6,1.5,17,*8H,GG,grishtr01
92,Salvador Perez,32,KCR,AL,473,7,-2,-1,4,2,11,1.2,16,27,2.7,.510,.507,2.3,0.6,23,2D,,perezsa02
93,Jorge Polanco#,28,MIN,AL,445,8,-1,2,-1,3,12,1.3,15,27,2.7,.512,.508,2.9,0.2,28,4/6DH,,polanjo01
94,Myles Straw,27,CLE,AL,596,-23,4,5,17,4,7,0.7,20,27,2.7,.505,.505,0.9,2.3,10,*8/H,GG,strawmy01
95,Brandon Drury,29,2TM,NL,568,16,-2,2,-6,-1,8,0.9,19,27,2.7,.506,.504,3.3,-0.7,33,534D/H69,SS,drurybr01
95,Brandon Drury,29,CIN,NL,385,14,-2,1,-5,1,10,1.0,13,23,2.3,.511,.506,2.8,-0.4,28,54D/3H69,,drurybr01
95,Brandon Drury,29,SDP,NL,183,1,-1,1,-1,-2,-2,-0.1,6,5,0.5,.496,.499,0.5,-0.3,6,3D/45H,,drurybr01
96,William Contreras,24,ATL,NL,376,16,-2,0,-2,1,13,1.4,13,26,2.6,.514,.508,2.8,0.0,28,2D/H7,AS,contrwi02
97,Randy Arozarena,27,TBR,AL,645,18,-1,0,-7,-6,4,0.4,22,26,2.5,.503,.502,3.3,-1.5,33,*7D9/H,,arozara01
98,Mark Canha,33,NYM,NL,542,15,-2,1,-4,-4,6,0.7,19,25,2.5,.505,.504,2.9,-0.8,29,*7H8/9D35,,canhama01
99,Bryce Harper*,29,PHI,NL,426,21,-1,0,-1,-8,11,1.2,14,25,2.5,.511,.507,2.6,-0.9,26,D/9H,AS,harpebr03
100,Isaac Paredes,23,TBR,AL,381,7,-1,-1,5,1,11,1.2,13,24,2.5,.511,.508,2.0,0.6,19,543H/6,,paredis01
101,Luis Rengifo#,25,LAA,AL,511,-1,1,0,2,5,7,0.8,17,25,2.5,.506,.505,2.3,0.7,23,456/9H7,,rengilu01
102,Miguel Rojas,33,MIA,NL,507,-14,-2,0,17,7,7,0.8,17,24,2.5,.505,.505,0.6,2.6,7,*63/H,,rojasmi02
103,Trevor Story,29,BOS,AL,396,1,2,-1,6,3,11,1.2,14,25,2.5,.513,.507,1.9,1.0,19,4/H,,storytr01
104,Taylor Walls#,25,TBR,AL,466,-19,2,1,19,7,9,1.0,16,25,2.5,.507,.506,0.5,2.8,6,645/HD,,wallsta01
105,Christian Yelich*,30,MIL,NL,671,7,3,2,-2,-7,3,0.4,22,25,2.5,.502,.502,2.7,-0.9,27,*7D/H,,yelicch01
106,Javier Báez,29,DET,AL,590,-3,4,0,-4,7,4,0.4,20,24,2.4,.503,.503,2.9,0.3,28,*6D/H,,baezja01
107,Jon Berti,32,MIA,NL,404,-2,5,2,3,2,10,1.1,14,24,2.4,.510,.507,2.1,0.6,21,4576/H8D,,bertijo01
108,Matt Carpenter*,36,NYY,AL,154,20,0,0,0,-2,18,1.8,5,23,2.4,.539,.511,2.4,-0.2,23,D9H/375,,carpema01
109,Jazz Chisholm Jr.*,24,MIA,NL,241,9,1,1,2,2,15,1.6,8,23,2.4,.526,.510,2.2,0.4,21,4/H,AS,chishja01
110,Santiago Espinal,27,TOR,AL,491,-2,0,-1,5,5,7,0.7,17,24,2.4,.505,.505,1.9,1.0,19,*4H56,AS,espinsa01
111,Wander Franco#,21,TBR,AL,344,6,3,1,-1,4,12,1.3,12,24,2.4,.516,.508,2.6,0.2,25,6D/H,,francwa01
112,Jonah Heim#,27,TEX,AL,450,-1,0,0,3,7,8,0.9,15,24,2.4,.507,.505,2.1,1.1,21,*2H/D,,heimjo01
113,Jake McCarthy*,24,ARI,NL,354,9,4,2,0,-3,12,1.3,12,24,2.4,.513,.508,2.4,-0.3,24,978DH,ROY-4,mccarja02
114,Hunter Renfroe,30,MIL,NL,522,12,-1,-1,1,-4,7,0.8,18,24,2.4,.505,.504,2.3,-0.3,23,*9/D3,,renfrhu01
115,Joey Wendle*,32,MIA,NL,371,-6,0,1,12,4,11,1.2,13,23,2.4,.511,.507,1.1,1.7,11,564H/D,,wendljo01
116,Ronald Acuña Jr.,24,ATL,NL,533,9,5,0,-2,-5,6,0.7,17,23,2.3,.506,.504,2.5,-0.7,25,9D/H8,AS,acunaro01
117,C.J. Cron,32,COL,NL,632,3,2,-1,6,-8,1,0.2,22,23,2.3,.501,.501,1.6,-0.2,17,*3D/H,AS,croncj01
118,Oneil Cruz*,23,PIT,NL,361,2,2,1,1,4,11,1.2,12,23,2.3,.513,.507,2.2,0.6,22,6/DH7,ROY-6,cruzon01
119,Lars Nootbaar*,24,STL,NL,347,8,-1,1,6,-4,11,1.2,12,22,2.3,.510,.507,1.6,0.3,16,9H87/D,,nootbla01
120,Anthony Rizzo*,32,NYY,AL,548,16,-1,0,-3,-7,4,0.5,19,23,2.3,.504,.503,2.6,-1.1,26,*3/DH,,rizzoan01
121,Kyle Schwarber*,29,PHI,NL,669,22,-2,0,-14,-6,1,0.2,22,23,2.3,.500,.500,3.7,-2.0,37,*7D/H,ASMVP-16SS,schwaky01
122,Jose Trevino,29,NYY,AL,353,-5,-1,1,9,7,10,1.1,12,22,2.3,.510,.507,1.3,1.7,13,*2/HD,ASGG,trevijo01
123,Justin Turner,37,LAD,NL,532,11,-3,-2,2,-3,5,0.6,18,23,2.3,.504,.503,2.1,-0.1,21,5D/H,,turneju01
124,Josh Donaldson,36,NYY,AL,546,-1,-2,-1,7,1,4,0.4,19,23,2.2,.503,.503,1.5,0.8,15,5D/H,,donaljo02
125,Oscar González,24,CLE,AL,382,12,-1,1,0,-3,9,0.9,13,22,2.2,.510,.506,2.2,-0.4,22,9/DH,,gonzaos01
126,Sam Haggerty#,28,SEA,AL,201,4,2,0,11,-3,14,1.5,7,21,2.2,.518,.509,1.0,0.8,10,97H/D84,,haggesa01
127,Jace Peterson*,32,MIL,NL,328,-3,3,-1,11,1,11,1.2,11,22,2.2,.510,.507,1.1,1.3,11,5H9/347D1,,peterja01
128,Luis Robert Jr.,24,CHW,AL,401,6,3,1,-3,3,9,0.9,14,22,2.2,.509,.506,2.6,-0.1,25,8/HD,,roberlu01
129,Tyrone Taylor,28,MIL,NL,405,0,0,-1,8,1,8,0.9,14,22,2.2,.507,.505,1.4,1.0,14,*897H/D,,tayloty01
130,Trayce Thompson,31,2TM,NL,255,10,1,0,3,-2,12,1.2,9,20,2.1,.515,.508,1.7,0.1,17,798H/D,,thomptr01
130,Trayce Thompson,31,SDP,NL,16,-2,-1,0,1,0,-2,-0.2,1,-1,-0.2,.466,.499,-0.3,0.1,-2,/9H7,,thomptr01
130,Trayce Thompson,31,LAD,NL,239,12,1,0,2,-2,14,1.4,8,22,2.2,.519,.509,2.0,0.0,20,798H/D,,thomptr01
131,Christian Vázquez,31,2TM,AL,426,-2,-5,-2,8,7,7,0.7,15,21,2.1,.506,.504,1.3,1.6,13,2H/34D,,vazquch01
131,Christian Vázquez,31,BOS,AL,318,3,-3,-1,7,5,11,1.1,11,21,2.2,.514,.507,1.5,1.3,14,2/3H4,,vazquch01
131,Christian Vázquez,31,HOU,AL,108,-4,-2,0,1,2,-4,-0.4,4,0,-0.1,.488,.497,-0.2,0.3,-1,2/HD,,vazquch01
132,Albert Pujols,42,STL,NL,351,21,-3,-2,0,-7,9,1.0,12,21,2.1,.509,.506,2.1,-0.7,21,DH3/1,AS,pujolal01
133,Anthony Santander#,27,BAL,AL,647,15,0,-1,-7,-7,0,0.0,22,22,2.1,.500,.500,2.9,-1.6,29,*97D/H,,santaan02
134,Lourdes Gurriel Jr.,28,TOR,AL,493,8,-1,0,2,-5,4,0.4,17,21,2.0,.503,.503,1.9,-0.4,19,7D/3H,,gurrilo01
135,Mike Yastrzemski*,31,SFG,NL,558,-3,1,1,3,-1,1,0.2,19,20,2.0,.501,.501,1.6,0.2,17,*98H/D,,yastrmi01
136,Seth Brown*,29,OAK,AL,555,9,2,1,-5,-7,1,0.1,19,20,1.9,.501,.501,2.5,-1.3,25,3798H/D,,brownse01
137,Eric Haase,29,DET,AL,351,6,0,0,-3,4,7,0.8,12,19,1.9,.507,.505,2.3,0.1,22,2HD7,,haaseer01
138,Eloy Jiménez,25,CHW,AL,327,15,0,-1,-1,-5,8,0.8,11,19,1.9,.510,.505,2.0,-0.7,20,D7/H,,jimenel02
139,Austin Nola,32,SDP,NL,397,-2,-1,0,1,7,5,0.6,14,19,1.9,.505,.504,1.8,0.8,18,2/DH45,,nolaau01
140,Dylan Carlson#,23,STL,NL,488,-1,2,0,1,0,2,0.3,17,19,1.8,.502,.501,1.7,0.1,18,*89H/D,,carlsdy01
141,Thairo Estrada,26,SFG,NL,541,7,2,3,-17,5,-1,0.0,18,18,1.8,.500,.500,3.5,-1.2,35,467H/58,,estrath01
142,Josh Harrison,34,CHW,AL,425,-4,-2,0,7,3,4,0.4,15,18,1.8,.503,.502,1.0,1.1,11,45/HD167,,harrijo05
143,Max Kepler*,29,MIN,AL,446,-3,0,3,6,-3,3,0.3,15,18,1.8,.503,.502,1.2,0.3,12,*9/H8D,,keplema01
144,Víctor Robles,25,WSN,NL,407,-13,1,1,12,3,4,0.5,14,18,1.8,.503,.503,0.5,1.6,6,*8/HD,,roblevi01
145,Jean Segura,32,PHI,NL,387,4,0,-1,-1,3,5,0.6,13,18,1.8,.505,.503,1.9,0.3,19,4/H6,,segurje01
146,Seiya Suzuki,27,CHC,NL,446,11,-1,0,-4,-3,3,0.4,15,18,1.8,.503,.502,2.2,-0.7,22,9/HD,,suzukse01
147,Brandon Marsh*,24,2TM,2LG,461,-6,1,1,8,-1,3,0.3,16,19,1.8,.502,.500,1.0,0.7,10,*78H/9,,marshbr02
147,Brandon Marsh*,24,LAA,AL,323,-9,1,1,9,-2,-1,-0.1,11,11,1.0,.499,.500,0.1,0.7,1,78/H9,,marshbr02
147,Brandon Marsh*,24,PHI,NL,138,3,0,0,-1,1,3,0.4,5,8,0.8,.508,.502,0.9,0.0,9,8/H,,marshbr02
148,Oswaldo Cabrera#,23,NYY,AL,171,1,-1,0,11,-1,11,1.2,6,16,1.7,.526,.507,0.5,1.1,5,9/76345H,,cabreos01
149,Chas McCormick,27,HOU,AL,407,5,-1,0,1,-1,3,0.3,14,17,1.7,.503,.502,1.6,-0.1,16,*789/HD,,mccorch01
150,Josh Naylor*,25,CLE,AL,498,11,-2,-1,0,-7,1,0.1,17,18,1.7,.501,.501,1.8,-0.8,18,3D/H9,,naylojo01
151,Nick Gordon*,26,MIN,AL,443,5,1,0,-6,1,2,0.2,15,17,1.6,.501,.501,2.3,-0.6,23,7846H/1D5,,gordoni01
152,Ryan Mountcastle,25,BAL,AL,609,3,0,-1,1,-8,-4,-0.5,21,17,1.6,.497,.497,1.5,-0.8,16,*3D/H,,mountry01
153,Austin Slater,29,SFG,NL,325,9,2,-1,-6,1,5,0.5,11,16,1.6,.504,.503,2.2,-0.5,22,*8H79/D,,slateau01
154,Tyler Stephenson,25,CIN,NL,183,7,0,0,-1,3,9,1.0,6,15,1.6,.519,.506,1.6,0.2,16,2/DH3,,stephty01
155,Lane Thomas,26,WSN,NL,548,2,-1,0,-1,-3,-3,-0.2,19,16,1.6,.498,.498,1.6,-0.4,17,*789H/D,,thomala02
156,Trey Mancini,30,2TM,AL,587,4,-1,-1,3,-9,-4,-0.4,20,16,1.5,.497,.500,1.2,-0.7,13,D379/H,,mancitr01
156,Trey Mancini,30,BAL,AL,401,10,0,0,2,-6,6,0.6,13,19,1.9,.507,.504,1.7,-0.5,17,D39/7H,,mancitr01
156,Trey Mancini,30,HOU,AL,186,-6,-1,-1,1,-3,-10,-1.1,6,-3,-0.5,.479,.493,-0.6,-0.2,-4,D73/H9,,mancitr01
157,Ildemaro Vargas#,30,2TM,NL,222,-1,0,0,6,2,7,0.8,8,15,1.5,.512,.505,0.9,0.9,9,56/4H1,,vargail01
157,Ildemaro Vargas#,30,CHC,NL,26,-1,1,0,-2,0,-2,-0.2,1,-1,-0.1,.483,.499,0.1,-0.2,1,/64H,,vargail01
157,Ildemaro Vargas#,30,WSN,NL,196,0,0,0,8,2,9,1.0,7,16,1.6,.518,.506,0.7,1.0,8,5/614H,,vargail01
158,Luis Guillorme*,27,NYM,NL,335,1,-1,-1,2,3,4,0.5,11,15,1.5,.504,.503,1.3,0.6,13,456/HD,,guilllu01
159,Manuel Margot,27,TBR,AL,363,1,2,0,2,-3,3,0.3,12,15,1.5,.503,.502,1.3,-0.1,13,98D/7H,,margoma01
160,Keibert Ruiz#,23,WSN,NL,433,-3,0,-1,-3,7,0,0.1,15,15,1.5,.500,.500,1.8,0.5,18,2H/D,,ruizke01
161,Jose Siri,26,2TM,AL,325,-11,4,1,8,2,3,0.4,11,14,1.5,.504,.501,0.6,1.1,6,8/H97D,,sirijo01
161,Jose Siri,26,HOU,AL,147,-8,1,0,9,1,3,0.3,5,8,0.8,.507,.502,-0.2,1.1,-1,8/9H7D,,sirijo01
161,Jose Siri,26,TBR,AL,178,-3,2,1,-1,1,0,0.0,6,6,0.6,.501,.500,0.8,0.0,7,8/HD,,sirijo01
162,Emmanuel Rivera,26,2TM,2LG,359,-1,-1,-1,5,1,3,0.4,12,15,1.5,.503,.501,1.0,0.7,10,5H/D3,,riverem01
162,Emmanuel Rivera,26,KCR,AL,211,-2,-1,-1,3,1,0,0.0,7,8,0.7,.501,.500,0.4,0.4,5,5/HD3,,riverem01
162,Emmanuel Rivera,26,ARI,NL,148,1,0,0,2,0,3,0.3,5,8,0.8,.507,.502,0.6,0.2,6,5/D3H,,riverem01
163,Rodolfo Castro,23,PIT,NL,278,1,-1,0,1,3,4,0.5,10,14,1.4,.506,.503,1.3,0.4,13,456/DH,,castrro01
164,Yonathan Daza,28,COL,NL,408,1,0,1,-3,2,0,0.1,14,14,1.4,.500,.500,1.7,-0.1,17,*87/H9,,dazayo01
165,Trevor Larnach*,25,MIN,AL,180,-1,0,0,10,-2,7,0.8,6,14,1.4,.516,.505,0.3,0.8,4,79/DH,,larnatr01
166,Ketel Marte#,28,ARI,NL,558,1,1,-1,-6,0,-4,-0.4,19,15,1.4,.497,.497,2.0,-0.6,21,4D/H,,marteke01
167,Dylan Moore,29,SEA,AL,255,7,1,0,-1,-1,5,0.6,9,14,1.4,.506,.504,1.5,-0.3,15,96H74/38D5,,mooredy01
168,Vinnie Pasquantino*,24,KCR,AL,298,13,-1,-1,-2,-5,4,0.4,10,14,1.4,.506,.503,1.7,-0.8,16,3D,,pasquvi01
169,Alek Thomas*,22,ARI,NL,411,-13,2,1,7,3,0,0.1,14,14,1.4,.500,.500,0.6,1.1,7,*8/H,,thomaal01
170,Andrew Velazquez#,27,LAA,AL,349,-19,3,1,11,6,2,0.2,12,14,1.4,.502,.502,0.2,1.8,3,*6/H,,velazan01
171,Daniel Vogelbach*,29,2TM,NL,461,13,-3,-2,0,-10,-1,-0.1,16,14,1.4,.499,.499,1.4,-1.1,14,*DH/3,,vogelda01
171,Daniel Vogelbach*,29,PIT,NL,278,5,-1,-1,0,-6,-4,-0.3,10,6,0.6,.495,.498,0.5,-0.6,6,DH/3,,vogelda01
171,Daniel Vogelbach*,29,NYM,NL,183,9,-1,-1,0,-4,2,0.3,6,9,0.9,.504,.501,0.8,-0.5,9,D/H,,vogelda01
172,Edmundo Sosa,26,2TM,NL,190,-3,2,-1,6,2,7,0.8,7,13,1.4,.509,.502,0.7,0.9,7,65H/D74,,sosaed01
172,Edmundo Sosa,26,STL,NL,131,-7,1,0,5,2,1,0.1,4,6,0.6,.502,.501,0.0,0.7,1,6H5/D4,,sosaed01
172,Edmundo Sosa,26,PHI,NL,59,3,1,0,1,1,6,0.6,2,8,0.8,.524,.504,0.7,0.2,7,5/6H7D,,sosaed01
173,Curt Casali,33,2TM,2LG,176,-1,0,0,5,3,7,0.8,6,13,1.4,.514,.503,0.8,0.9,8,2/3DH,,casalcu01
173,Curt Casali,33,SFG,NL,126,0,-1,0,5,2,7,0.8,4,11,1.2,.518,.505,0.6,0.8,6,2/3D,,casalcu01
173,Curt Casali,33,SEA,AL,50,-1,0,0,0,1,0,0.0,2,2,0.2,.503,.500,0.2,0.1,2,2/3H,,casalcu01
174,Tim Anderson,29,CHW,AL,351,2,3,-1,-7,5,2,0.2,11,14,1.3,.503,.501,2.1,-0.3,21,6,AS,anderti01
175,Aristides Aquino,28,CIN,NL,276,-12,-2,2,19,-3,4,0.4,9,13,1.3,.505,.502,-0.7,1.8,-6,9/7H8D,,aquinar01
176,Cody Bellinger*,26,LAD,NL,550,-12,3,1,-1,4,-5,-0.5,19,14,1.3,.496,.497,1.4,0.4,15,*8/H,,bellico01
177,Corbin Carroll*,21,ARI,NL,115,4,0,0,5,-1,8,0.9,4,12,1.3,.527,.505,0.7,0.4,7,7/8H9D,,carroco02
178,Riley Greene*,21,DET,AL,418,-3,-2,0,2,3,0,0.0,13,14,1.3,.500,.500,1.1,0.5,12,8,,greenri03
179,Aaron Hicks#,32,NYY,AL,453,-5,1,0,2,0,-2,-0.2,15,14,1.3,.499,.499,1.1,0.2,12,*87H/D,,hicksaa01
180,Tony Kemp*,30,OAK,AL,558,-7,3,0,-1,0,-5,-0.5,19,14,1.3,.497,.497,1.5,-0.1,15,47H/D,,kempto01
181,Joc Pederson*,30,SFG,NL,433,21,-2,0,-16,-5,-2,-0.1,15,13,1.3,.499,.499,2.9,-2.2,29,*7H9D,AS,pederjo01
182,Harold Ramírez,27,TBR,AL,435,8,-1,1,-3,-7,-1,-0.2,15,14,1.3,.499,.499,1.7,-1.1,17,D39H/7,,ramirha02
183,Jack Suwinski*,23,PIT,NL,372,0,0,0,3,-3,0,0.1,13,13,1.3,.500,.500,1.0,0.0,10,798/HD,,suwinja01
184,David Villar,25,SFG,NL,181,6,0,0,1,-1,6,0.7,6,12,1.3,.513,.504,1.1,0.1,11,53D/4H,,villada01
185,Harrison Bader,28,2TM,2LG,313,-5,3,0,1,2,2,0.2,11,13,1.3,.502,.502,1.1,0.4,12,8/H,,baderha01
185,Harrison Bader,28,STL,NL,264,-1,4,0,-1,2,3,0.4,9,12,1.2,.505,.502,1.3,0.1,13,8/H,,baderha01
185,Harrison Bader,28,NYY,AL,49,-3,-1,0,2,0,-1,-0.2,2,0,0.0,.490,.499,-0.2,0.3,-2,8/H,,baderha01
186,Michael Brantley*,35,HOU,AL,277,7,-1,0,1,-4,3,0.3,9,12,1.2,.505,.502,1.1,-0.3,11,D7,,brantmi02
187,Jiman Choi*,31,TBR,AL,419,7,-2,1,-2,-6,-2,-0.2,14,13,1.2,.498,.499,1.4,-0.9,15,3DH,,choiji01
188,Eduardo Escobar#,33,NYM,NL,542,0,0,1,-11,3,-6,-0.6,19,12,1.2,.495,.496,2.3,-0.8,23,*5/DH4,,escobed01
189,Kyle Farmer,31,CIN,NL,583,-6,-3,-2,-2,6,-7,-0.7,20,13,1.2,.495,.495,1.4,0.5,15,65D/H3,,farmeky01
190,Nick Fortes,25,MIA,NL,240,-1,-1,0,2,3,4,0.4,8,12,1.2,.505,.502,1.0,0.6,10,2DH/3,,forteni01
191,Mitch Haniger,31,SEA,AL,247,6,0,-1,2,-3,4,0.4,8,12,1.2,.508,.503,1.0,-0.1,10,9D,,hanigmi01
192,Jose Iglesias,32,COL,NL,467,-6,-2,1,-4,7,-3,-0.3,16,13,1.2,.497,.498,1.6,0.3,17,*6/D,,iglesjo01
193,Rob Refsnyder,31,BOS,AL,177,9,0,0,-2,-1,6,0.6,6,12,1.2,.511,.504,1.5,-0.4,14,9H8/D7,,refsnro01
194,Bryson Stott*,24,PHI,NL,466,-9,1,3,-5,6,-3,-0.3,16,13,1.2,.497,.498,1.7,0.2,18,64/H5,,stottbr01
195,Nick Allen,23,OAK,AL,326,-14,-1,0,10,5,0,0.0,11,12,1.1,.500,.500,0.1,1.6,2,64/H,,allenni02
196,Aledmys Díaz,31,HOU,AL,327,-1,-1,0,3,0,1,0.1,11,12,1.1,.501,.500,0.8,0.3,9,746H5/D39,,diazal02
197,David Fletcher,28,LAA,AL,228,-7,0,-1,7,3,3,0.3,8,11,1.1,.506,.502,0.3,1.1,4,46/H,,fletcda02
198,Kevin Kiermaier*,32,TBR,AL,221,-2,1,1,2,1,3,0.3,8,11,1.1,.505,.502,0.9,0.4,9,8/DH,,kiermke01
199,J.D. Martinez,34,BOS,AL,596,11,-4,-2,0,-12,-8,-0.8,20,13,1.1,.494,.495,1.2,-1.3,13,*D,AS,martijd02
200,Joey Meneses,30,WSN,NL,240,16,0,-2,-9,-3,3,0.3,8,11,1.1,.505,.502,2.0,-1.2,20,39/7H,,menesjo01
201,Kevin Newman,28,PIT,NL,309,-2,2,0,-2,3,1,0.1,11,11,1.1,.501,.500,1.3,0.1,13,46/HD,,newmake01
202,Tyler O'Neill,27,STL,NL,383,-1,1,0,0,-2,-2,-0.2,13,11,1.1,.498,.499,1.0,-0.2,11,78/HD,,oneilty01
203,Garrett Stubbs*,29,PHI,NL,121,4,1,0,0,2,7,0.7,4,11,1.1,.516,.504,1.1,0.2,11,2/H1D7,,stubbga01
204,Christian Bethancourt,30,2TM,AL,333,1,-1,-1,1,1,0,0.0,11,12,1.1,.500,.500,1.0,0.2,11,23HD/15,,bethach01
204,Christian Bethancourt,30,OAK,AL,182,0,0,0,-1,-1,-3,-0.3,6,3,0.3,.495,.498,0.4,-0.3,4,32HD/1,,bethach01
204,Christian Bethancourt,30,TBR,AL,151,0,-1,0,2,2,3,0.3,5,8,0.8,.508,.502,0.6,0.4,6,2/3H15D,,bethach01
205,Carlos Santana#,36,2TM,AL,506,-1,1,-1,3,-8,-5,-0.6,17,12,1.1,.496,.498,0.8,-0.6,9,3D/H9,,santaca01
205,Carlos Santana#,36,KCR,AL,212,0,0,0,2,-3,-1,-0.1,7,7,0.6,.499,.500,0.4,-0.1,5,3D/H,,santaca01
205,Carlos Santana#,36,SEA,AL,294,-1,1,-1,1,-5,-5,-0.5,10,6,0.5,.494,.497,0.4,-0.5,5,D3/H9,,santaca01
206,Garrett Cooper,31,MIA,NL,469,7,0,-1,-4,-8,-6,-0.5,16,10,1.0,.495,.496,1.4,-1.2,14,3D/H,AS,coopega03
207,Gunnar Henderson*,21,BAL,AL,132,4,-1,1,0,1,5,0.6,5,10,1.0,.516,.503,1.0,0.1,10,5/6DH4,,hendegu01
208,Eric Hosmer*,32,2TM,2LG,419,7,-1,0,-4,-5,-4,-0.3,14,11,1.0,.496,.498,1.5,-0.9,15,3/D,,hosmeer01
208,Eric Hosmer*,32,SDP,NL,369,6,-1,0,-3,-4,-3,-0.2,13,10,1.0,.497,.498,1.3,-0.8,13,3/D,,hosmeer01
208,Eric Hosmer*,32,BOS,AL,50,1,0,0,-1,-1,-1,-0.1,2,1,0.1,.493,.499,0.2,-0.2,2,3,,hosmeer01
209,Andrew McCutchen,35,MIL,NL,580,-2,-2,0,4,-8,-9,-0.9,19,10,1.0,.493,.494,0.5,-0.5,6,D79/8H,,mccutan01
210,Garrett Mitchell*,23,MIL,NL,68,2,2,1,2,1,7,0.8,2,10,1.0,.528,.505,0.8,0.3,8,8/H,,mitchga01
211,Christopher Morel,23,CHC,NL,425,3,1,0,-11,4,-4,-0.4,15,10,1.0,.496,.497,2.1,-0.8,21,8456/HD7,,morelch01
212,Wil Myers,31,SDP,NL,286,0,-1,-1,5,-3,1,0.2,10,11,1.0,.502,.501,0.5,0.3,6,937/8H15,,myerswi01
213,Anthony Rendon,32,LAA,AL,193,0,0,-1,3,1,3,0.4,7,10,1.0,.508,.502,0.7,0.5,7,5/H,,rendoan01
214,Seby Zavala,28,CHW,AL,205,2,-2,0,-1,4,3,0.3,7,10,1.0,.505,.502,1.1,0.3,11,2/H3D,,zavalse01
215,Alec Bohm,25,PHI,NL,631,4,0,-1,-17,2,-12,-1.1,22,10,0.9,.492,.492,2.7,-1.5,27,*53/DH,,bohmal01
216,Sean Bouchard,26,COL,NL,97,7,-1,0,1,-1,6,0.6,3,9,0.9,.523,.504,0.8,0.0,8,7/H,,bouchse01
217,Nate Eaton,25,KCR,AL,122,0,2,0,3,-1,5,0.5,4,9,0.9,.511,.503,0.6,0.3,6,95H/78,,eatonna01
218,Wilmer Flores,30,SFG,NL,602,1,-2,1,-9,-2,-11,-1.1,21,10,0.9,.492,.493,1.8,-1.1,19,435DH,,florewi01
219,Adam Frazier*,30,SEA,AL,602,-14,0,-1,2,2,-10,-1.1,21,10,0.9,.493,.493,0.7,0.4,8,*497H/D68,,fraziad01
220,Kiké Hernández,30,BOS,AL,402,-12,0,-1,6,3,-3,-0.4,13,10,0.9,.496,.498,0.3,1.0,4,846/H,,hernaen02
221,Ryan Jeffers,25,MIN,AL,236,-4,1,0,1,4,1,0.1,8,9,0.9,.501,.501,0.8,0.5,8,2/DH,,jeffery01
222,Connor Joe,29,COL,NL,467,-4,0,-1,4,-6,-6,-0.6,16,10,0.9,.494,.496,0.5,-0.2,6,7D39H,,joeco01
223,Carson Kelly,27,ARI,NL,354,-12,0,0,3,6,-3,-0.2,12,9,0.9,.497,.498,0.5,1.0,6,2/H1D,,kellyca02
224,Ramón Laureano,27,OAK,AL,383,0,1,1,-2,-2,-3,-0.3,13,10,0.9,.497,.498,1.2,-0.5,12,98/DH,,laurera01
225,Brandon Lowe*,27,TBR,AL,266,0,-1,1,-1,1,1,0.1,9,10,0.9,.501,.500,1.1,0.0,11,4D/H9,,lowebr01
226,Reese McGuire*,27,2TM,AL,274,-4,0,-1,0,5,0,0.0,9,10,0.9,.500,.499,0.9,0.5,10,2H/1D,,mcguire01
226,Reese McGuire*,27,CHW,AL,166,-9,0,0,1,3,-5,-0.5,6,1,0.0,.490,.497,-0.1,0.4,0,2/HD,,mcguire01
226,Reese McGuire*,27,BOS,AL,108,5,0,-1,-1,2,5,0.5,4,9,0.9,.515,.503,1.0,0.1,10,2/H1,,mcguire01
227,José Miranda,24,MIN,AL,483,8,-1,-3,-6,-5,-7,-0.7,17,10,0.9,.494,.496,1.6,-1.2,16,35D/H,,miranjo01
228,Yoán Moncada#,27,CHW,AL,433,-12,0,2,2,3,-5,-0.5,15,10,0.9,.495,.497,0.7,0.5,8,5/H,,moncayo01
229,Jesús Sánchez*,24,MIA,NL,343,-5,-1,0,2,2,-3,-0.3,12,9,0.9,.497,.498,0.6,0.4,7,87/HD9,,sanchje02
230,Donovan Solano,34,CIN,NL,304,0,-2,0,4,-3,-1,-0.1,10,10,0.9,.499,.499,0.5,0.1,6,3D5/H4,,solando01
231,Alex Verdugo*,26,BOS,AL,644,1,-2,2,-7,-5,-11,-1.2,22,11,0.9,.492,.493,1.7,-1.4,18,*79/DH,,verdual01
232,Eli White,28,TEX,AL,117,-4,2,0,7,0,5,0.6,4,9,0.9,.512,.503,0.2,0.7,2,87/H9D,,whiteel04
233,Bobby Witt Jr.,22,KCR,AL,632,-2,5,1,-22,7,-11,-1.2,22,11,0.9,.492,.493,3.3,-1.6,33,65/DH,ROY-4,wittbo02
234,Mark Mathias,27,2TM,2LG,91,4,1,1,1,-1,6,0.6,3,9,0.9,.519,.503,0.8,-0.1,8,D/H43579,,mathima01
234,Mark Mathias,27,MIL,NL,17,-1,0,0,1,0,1,0.1,1,1,0.1,.508,.500,0.0,0.1,0,/4,,mathima01
234,Mark Mathias,27,TEX,AL,74,5,1,1,0,-2,5,0.5,3,8,0.8,.522,.503,0.8,-0.2,8,D/H3579,,mathima01
235,Ozzie Albies#,25,ATL,NL,269,-4,0,2,-1,2,-1,-0.1,9,8,0.8,.498,.499,0.9,0.1,9,4/H,,albieoz01
236,Jorge Alfaro,29,SDP,NL,274,-4,1,0,-2,4,-2,-0.1,9,8,0.8,.498,.499,1.0,0.2,10,2DH,,alfarjo01
237,Orlando Arcia,27,ATL,NL,234,1,1,-1,-2,1,0,0.0,8,8,0.8,.500,.500,1.0,-0.1,10,4/D75H16,,arciaor01
238,Joey Bart,25,SFG,NL,291,-4,-1,0,-1,6,-2,-0.1,10,9,0.8,.498,.499,0.9,0.5,9,2/HD,,bartjo01
239,Cavan Biggio*,27,TOR,AL,303,-2,0,1,1,-1,-1,-0.2,10,9,0.8,.499,.499,0.8,0.0,8,43H/9D75,,biggica01
240,David Bote,29,CHC,NL,127,0,0,-1,4,1,4,0.4,4,8,0.8,.510,.503,0.4,0.5,4,45/3HD,,boteda01
241,Willi Castro#,25,DET,AL,392,-7,1,2,0,-1,-5,-0.6,13,8,0.8,.495,.497,0.8,-0.1,8,97468H/5D,,castrwi01
242,Vaughn Grissom,21,ATL,NL,156,3,0,2,-4,1,2,0.3,5,8,0.8,.506,.502,1.2,-0.3,12,4/6,,grissva01
243,Keston Hiura,25,MIL,NL,266,6,0,0,-3,-4,-1,-0.1,9,8,0.8,.499,.499,1.1,-0.7,11,3D4/H7,,hiurake01
244,Michael Massey*,24,KCR,AL,194,0,0,1,0,1,2,0.2,7,8,0.8,.504,.501,0.8,0.1,8,4/HD5,,massemi02
245,Rowdy Tellez*,27,MIL,NL,599,7,-4,-3,-5,-7,-12,-1.2,20,9,0.8,.492,.492,1.3,-1.3,14,*3H/D,,tellero01
246,Stuart Fairchild,26,3TM,2LG,110,3,-2,0,3,0,3,0.4,4,7,0.7,.507,.503,0.4,0.3,4,78/H9,,faircst01
246,Stuart Fairchild,26,2TM,NL,107,3,-2,0,3,0,4,0.4,4,8,0.8,.510,.503,0.5,0.3,5,78/H9,,faircst01
246,Stuart Fairchild,26,SEA,AL,3,-1,0,0,0,0,-1,-0.1,0,-1,-0.1,.473,.499,-0.1,0.0,-1,/7H,,faircst01
246,Stuart Fairchild,26,SFG,NL,8,-2,0,0,1,0,-1,-0.1,0,-1,-0.1,.478,.499,-0.2,0.1,-2,/8,,faircst01
246,Stuart Fairchild,26,CIN,NL,99,5,-2,0,2,-1,5,0.5,3,8,0.9,.514,.503,0.7,0.2,6,78/H9,,faircst01
247,J.D. Davis,29,2TM,NL,365,7,-1,-3,-3,-5,-4,-0.4,12,8,0.7,.496,.498,1.0,-0.9,11,DH53/7,,davisjd01
247,J.D. Davis,29,NYM,NL,207,0,0,-2,-2,-4,-9,-0.9,7,-1,-0.2,.486,.494,0.0,-0.6,1,DH5/3,,davisjd01
247,J.D. Davis,29,SFG,NL,158,8,0,-1,-1,-2,4,0.5,5,10,1.0,.509,.503,1.0,-0.3,11,53DH/7,,davisjd01
248,Christian Arroyo,27,BOS,AL,300,0,-3,0,-1,1,-3,-0.3,10,7,0.7,.497,.498,0.8,-0.1,8,4965/3DH,,arroych01
249,Austin Barnes,32,LAD,NL,212,-1,-1,0,-1,3,0,0.1,7,8,0.7,.500,.500,0.8,0.3,8,2/DH4,,barneau01
250,Kris Bryant,30,COL,NL,181,6,0,-1,-3,-2,0,0.1,6,7,0.7,.501,.500,0.9,-0.5,9,7D,,bryankr01
251,Brandon Crawford*,35,SFG,NL,458,-7,-1,0,-6,7,-8,-0.8,16,8,0.7,.493,.495,1.3,0.1,14,*6/H,,crawfbr01
252,Bryan De La Cruz,25,MIA,NL,355,-1,0,-1,0,-3,-5,-0.5,12,7,0.7,.496,.497,0.7,-0.2,7,897H/D,,delacbr01
253,Yan Gomes,34,CHC,NL,293,-10,-1,-2,5,4,-3,-0.3,10,7,0.7,.496,.498,0.1,1.0,2,2/DH,,gomesya01
254,Nolan Gorman*,22,STL,NL,313,1,1,0,-5,1,-3,-0.3,11,8,0.7,.496,.498,1.2,-0.4,12,4DH/7,,gormano01
255,Sam Hilliard*,28,COL,NL,200,-11,1,1,11,-2,0,0.0,7,7,0.7,.500,.500,-0.5,1.0,-4,78/H9,,hillisa01
256,Andrew Knizner,27,STL,NL,293,-8,1,-2,1,5,-3,-0.3,10,7,0.7,.497,.498,0.6,0.7,6,2/H31D,,kniznan01
257,Charles Leblanc,26,MIA,NL,169,1,-1,1,-1,1,1,0.1,6,7,0.7,.502,.501,0.8,0.0,8,45/3HD,,leblach01
258,Evan Longoria,36,SFG,NL,298,3,-1,-1,-4,0,-3,-0.3,10,7,0.7,.497,.498,1.1,-0.4,11,5HD,,longoev01
259,Luke Maile,31,CLE,AL,206,-3,-2,-1,1,4,0,0.0,7,7,0.7,.500,.500,0.6,0.5,6,2,,mailelu01
260,Nick Maton*,25,PHI,NL,85,3,0,0,1,0,4,0.4,3,7,0.7,.512,.503,0.6,0.1,6,479/H156,,matonni01
261,Francisco Mejia#,26,TBR,AL,299,-6,-3,0,1,5,-3,-0.3,10,7,0.7,.496,.498,0.6,0.6,6,2H/D3,,mejiafr01
262,Gabriel Moreno,22,TOR,AL,73,1,0,0,2,1,4,0.4,2,6,0.7,.517,.503,0.4,0.3,4,2/HD457,,morenga01
263,Matt Reynolds,31,2TM,NL,272,-6,1,-1,2,1,-2,-0.2,9,7,0.7,.498,.499,0.4,0.4,5,465H39/718D,,reynoma03
263,Matt Reynolds,31,NYM,NL,0,0,0,0,0,0,0,0.0,0,0,0.0,.499,.500,0.0,0.0,0,/9,,reynoma03
263,Matt Reynolds,31,CIN,NL,272,-6,1,-1,2,1,-2,-0.2,9,7,0.7,.498,.499,0.4,0.4,5,465H39/718D,,reynoma03
264,Gary Sánchez,29,MIN,AL,471,-9,-1,0,-2,4,-8,-0.9,16,8,0.7,.493,.495,1.0,0.2,10,2DH/3,,sanchga02
265,Liván Soto*,22,LAA,AL,59,5,0,0,-1,1,5,0.5,2,7,0.7,.529,.503,0.8,0.0,8,6/5H,,sotoli01
266,Giancarlo Stanton,32,NYY,AL,452,6,-2,-1,-4,-7,-8,-0.8,15,8,0.7,.493,.495,1.1,-1.2,12,D9/H7,AS,stantmi03
267,Chris Taylor,31,LAD,NL,454,-5,1,1,-2,-2,-8,-0.8,16,8,0.7,.493,.495,0.9,-0.4,10,7489/HD56,,tayloch03
268,Luke Voit,31,2TM,NL,568,3,-4,-1,0,-10,-12,-1.1,19,8,0.7,.491,.496,0.7,-1.0,8,D3/H,,voitlu01
268,Luke Voit,31,SDP,NL,344,5,-3,0,-1,-6,-5,-0.5,12,7,0.6,.493,.497,0.7,-0.8,8,D3/H,,voitlu01
268,Luke Voit,31,WSN,NL,224,-2,-1,0,1,-4,-6,-0.6,8,1,0.1,.487,.496,0.0,-0.3,0,D3,,voitlu01
269,David Peralta*,34,2TM,2LG,490,1,-2,2,-5,-5,-9,-1.0,17,7,0.6,.492,.498,1.2,-1.0,12,*7HD,,peralda01
269,David Peralta*,34,ARI,NL,310,4,-2,1,-1,-3,-1,-0.1,11,9,0.9,.498,.499,1.0,-0.4,10,7H/D,,peralda01
269,David Peralta*,34,TBR,AL,180,-3,0,1,-4,-2,-8,-0.9,6,-2,-0.3,.482,.495,0.2,-0.6,2,7/DH,,peralda01
270,Albert Almora,28,CIN,NL,235,-8,-1,0,8,-1,-2,-0.2,8,6,0.6,.497,.499,-0.3,0.8,-2,987/HD,,almoral01
271,Will Brennan*,24,CLE,AL,45,3,0,0,1,0,4,0.4,2,5,0.6,.537,.502,0.4,0.1,4,/798DH,,brennwi02
272,Marwin González#,33,NYY,AL,207,-8,0,-1,9,-1,-1,-0.1,7,6,0.6,.499,.500,-0.4,0.9,-3,6973H5/4D1,,gonzama01
273,Yadiel Hernández*,34,WSN,NL,327,3,-3,0,-1,-4,-5,-0.4,11,7,0.6,.495,.497,0.7,-0.5,8,7DH/9,,hernaya01
274,Kyle Higashioka,32,NYY,AL,248,-6,-1,0,0,5,-2,-0.2,8,7,0.6,.497,.499,0.6,0.5,6,2/HD,,higasky01
275,Nick Madrigal,25,CHC,NL,228,-9,1,0,4,2,-2,-0.2,8,6,0.6,.497,.499,0.1,0.6,2,4/H,,madrini01
276,Austin Meadows*,27,DET,AL,147,0,-1,0,3,-1,1,0.1,5,6,0.6,.502,.500,0.3,0.2,3,97/DH,,meadoau01
277,Jake Meyers,26,HOU,AL,160,-6,0,1,5,1,1,0.1,5,7,0.6,.502,.501,0.1,0.7,1,8/HD,,meyerja02
278,Geraldo Perdomo#,22,ARI,NL,500,-24,5,2,-2,8,-10,-1.0,17,7,0.6,.493,.493,0.8,0.7,9,*6/5H4,,perdoge01
279,Roberto Pérez,33,PIT,NL,69,0,-1,0,2,1,3,0.3,2,6,0.6,.516,.502,0.4,0.4,3,2/H,,perezro02
280,Patrick Wisdom,30,CHC,NL,534,-2,1,0,-12,1,-12,-1.2,18,6,0.6,.491,.492,1.8,-1.1,18,53/97HD8,,wisdopa01
281,Robbie Grossman#,32,2TM,2LG,477,-9,0,1,4,-5,-9,-0.9,16,8,0.6,.493,.496,0.2,-0.1,4,*79H/D,,grossro01
281,Robbie Grossman#,32,DET,AL,320,-7,-1,1,1,-3,-9,-1.0,11,2,0.1,.489,.494,0.0,-0.2,1,79/HD,,grossro01
281,Robbie Grossman#,32,ATL,NL,157,-2,0,1,3,-2,0,0.0,5,6,0.5,.500,.500,0.2,0.1,2,97/HD,,grossro01
282,Jihwan Bae*,22,PIT,NL,37,2,1,0,0,0,4,0.4,1,5,0.5,.536,.502,0.5,0.0,5,/847,,baeji01
283,Jeimer Candelario#,28,DET,AL,467,-10,-1,0,-1,2,-10,-1.1,16,6,0.5,.492,.493,0.6,0.1,7,*5/DH,,candeje01
284,Victor Caratini#,28,MIL,NL,314,-6,-1,-1,-2,6,-5,-0.5,11,6,0.5,.495,.497,0.7,0.4,8,2H/31D,,caratvi01
285,Gilberto Celestino,23,MIN,AL,347,-6,-2,-1,3,1,-6,-0.6,12,6,0.5,.495,.496,0.2,0.4,3,*87H/9,,celesgi01
286,Jake Fraley*,27,CIN,NL,247,5,1,1,-8,-3,-3,-0.3,8,5,0.5,.495,.498,1.3,-1.1,13,79DH/8,,fraleja01
287,TJ Friedl*,26,CIN,NL,258,-1,1,0,-2,-1,-3,-0.3,9,6,0.5,.495,.498,0.7,-0.3,8,789H/D,,friedtj01
288,Dérmis Garcia,24,OAK,AL,125,-1,0,0,3,-2,1,0.1,4,5,0.5,.502,.500,0.2,0.1,2,3/HD7,,garcide02
289,Stone Garrett,26,ARI,NL,84,4,-1,0,0,-1,2,0.2,3,5,0.5,.506,.501,0.5,-0.1,5,7/DH,,garrest01
290,César Hernández#,32,WSN,NL,617,-13,0,0,-6,4,-15,-1.5,21,6,0.5,.489,.490,1.1,-0.1,12,*47/5H,,hernace02
291,Kyle Isbel*,25,KCR,AL,278,-12,0,0,10,-2,-4,-0.4,10,6,0.5,.496,.497,-0.6,0.8,-5,987H/D,,isbelky01
292,MJ Melendez*,23,KCR,AL,534,-2,-2,2,-13,2,-12,-1.3,18,6,0.5,.490,.492,1.9,-1.2,19,27D9/H,,melenmj01
293,Danny Mendick,28,CHW,AL,106,2,0,0,-3,2,2,0.2,4,5,0.5,.505,.501,0.9,-0.2,8,6/457H,,mendida01
294,Tom Murphy,31,SEA,AL,42,3,0,0,0,1,4,0.4,1,5,0.5,.527,.502,0.5,0.1,5,2/HD,,murphto04
295,Oswald Peraza,22,NYY,AL,57,3,0,0,-1,1,3,0.3,2,5,0.5,.515,.502,0.6,0.0,5,6/4H,,perazos02
296,Esteban Quiroz*,30,CHC,NL,47,-1,0,0,3,0,3,0.3,2,4,0.5,.521,.502,0.1,0.4,1,4/H,,quiroes01
297,Raimel Tapia*,28,TOR,AL,433,-6,3,-1,-3,-3,-9,-0.9,15,6,0.5,.493,.494,0.9,-0.6,9,*789H/D,,tapiara01
298,Leody Taveras#,23,TEX,AL,341,-4,-1,1,-4,2,-6,-0.7,12,6,0.5,.494,.496,1.0,-0.2,10,8/HD,,taverle01
299,Tommy Pham,34,2TM,2LG,622,-10,4,-3,-1,-5,-15,-1.6,21,6,0.4,.489,.495,0.5,-0.7,7,*7D/H,,phamth01
299,Tommy Pham,34,CIN,NL,387,-6,3,-1,2,-3,-6,-0.6,13,7,0.7,.493,.496,0.4,-0.1,5,7/DH,,phamth01
299,Tommy Pham,34,BOS,AL,235,-4,1,-1,-3,-2,-9,-1.0,8,-2,-0.3,.481,.494,0.1,-0.5,2,7/D,,phamth01
300,Brian Anderson,29,MIA,NL,383,-5,0,0,-2,-1,-8,-0.8,13,5,0.4,.491,.494,0.6,-0.3,7,59/D7H4,,anderbr06
301,Luis Barrera*,26,OAK,AL,85,-1,0,0,3,-1,1,0.1,3,4,0.4,.502,.500,0.0,0.2,1,79/H8,,barrelu01
302,Brandon Belt*,34,SFG,NL,298,-2,1,-2,2,-4,-5,-0.5,10,5,0.4,.493,.496,0.2,-0.2,3,3DH,,beltbr01
303,Mike Brosseau,28,MIL,NL,160,4,0,0,-6,1,-1,0.0,5,5,0.4,.499,.500,1.1,-0.5,11,5H/613D,,brossmi01
304,Elias Díaz,31,COL,NL,381,-11,-2,0,-2,7,-8,-0.8,13,5,0.4,.492,.495,0.6,0.5,7,2/H,,diazel01
305,Joey Gallo*,28,2TM,2LG,410,-9,-1,1,5,-5,-9,-1.0,14,5,0.4,.492,.496,-0.1,0.0,0,*79H/D38,,gallojo01
305,Joey Gallo*,28,NYY,AL,273,-7,1,1,0,-3,-8,-0.9,9,1,0.0,.489,.495,0.0,-0.4,1,79/H8D,,gallojo01
305,Joey Gallo*,28,LAD,NL,137,-3,-1,0,5,-2,-1,-0.1,5,4,0.4,.498,.499,-0.2,0.3,-1,79/DH3,,gallojo01
306,Mitch Garver,31,TEX,AL,215,1,0,0,-2,-2,-3,-0.4,7,4,0.4,.493,.498,0.6,-0.5,6,D2/H,,garvemi01
307,Dalton Guthrie,26,PHI,NL,28,3,0,0,0,0,3,0.3,1,4,0.4,.520,.502,0.4,0.0,4,9/H45,,guthrda01
308,Darick Hall*,26,PHI,NL,142,3,0,0,0,-3,-1,0.0,5,4,0.4,.499,.500,0.4,-0.3,4,D/3H1,,hallda02
309,Derek Hill,26,DET,AL,92,-5,1,1,4,1,1,0.1,3,4,0.4,.504,.501,0.0,0.5,0,8/H,,hillde01
310,Ryan Kreidler,24,DET,AL,84,-6,0,0,5,1,1,0.1,3,4,0.4,.505,.501,-0.1,0.7,-1,56/H48,,kreidry01
311,Martín Maldonado,35,HOU,AL,379,-14,-2,-1,1,8,-8,-0.9,13,5,0.4,.492,.495,0.3,0.9,4,*2,,maldoma01
312,Ryan McKenna,25,BAL,AL,172,-3,1,0,4,-3,-1,-0.2,6,5,0.4,.499,.499,0.0,0.1,0,79H8/D1,,mckenry01
313,Zach McKinstry*,27,2TM,NL,185,-6,1,1,0,1,-2,-0.2,6,4,0.4,.495,.499,0.4,0.1,4,546/H9D7,,mckinza01
313,Zach McKinstry*,27,LAD,NL,14,0,0,0,0,0,0,-0.1,0,0,0.0,.495,.500,0.0,0.0,0,/94DH567,,mckinza01
313,Zach McKinstry*,27,CHC,NL,171,-6,1,1,0,2,-2,-0.2,6,4,0.4,.496,.499,0.4,0.2,4,54/6HD,,mckinza01
314,James Outman*,25,LAD,NL,16,3,0,0,0,0,3,0.3,1,4,0.4,.582,.502,0.4,0.0,4,/79D,,outmaja01
315,AJ Pollock,34,CHW,AL,527,-6,-2,-1,-1,-3,-12,-1.4,18,6,0.4,.490,.492,0.6,-0.5,7,*789/H,,polloaj01
316,Alfonso Rivas III*,25,CHC,NL,287,-9,0,1,6,-4,-6,-0.6,10,4,0.4,.494,.496,-0.3,0.2,-2,3H/D79,,rivasal01
317,Kevin Smith,25,OAK,AL,151,-8,1,-1,5,2,-1,-0.1,5,4,0.4,.497,.499,-0.2,0.7,-1,56/H,,smithke05
318,Pavin Smith*,26,ARI,NL,277,-4,1,1,1,-4,-5,-0.5,9,4,0.4,.493,.497,0.3,-0.3,3,9D3/H,,smithpa04
319,Jorge Soler,30,MIA,NL,306,-1,-1,0,-1,-3,-6,-0.6,10,4,0.4,.491,.496,0.5,-0.4,5,7D/H,,solerjo01
320,Drew Waters#,23,KCR,AL,109,3,0,0,-2,-1,0,0.0,4,4,0.4,.500,.500,0.6,-0.3,6,98/7HD,,waterdr01
321,Austin Wynns,31,SFG,NL,177,-1,-1,-2,-1,3,-1,-0.1,6,5,0.4,.498,.499,0.5,0.2,6,2/DH1,,wynnsau01
322,Juan Yepez,24,STL,NL,274,4,-1,0,-4,-4,-5,-0.5,9,4,0.4,.493,.496,0.8,-0.8,8,7D93/5H,,yepezju01
323,Alex Call,27,2TM,2LG,131,2,-2,0,0,-1,-1,0.0,4,4,0.4,.499,.499,0.4,-0.1,4,7H/98D,,callal02
323,Alex Call,27,CLE,AL,16,0,0,0,1,0,1,0.1,1,1,0.1,.508,.501,0.0,0.1,0,/9H87,,callal02
323,Alex Call,27,WSN,NL,115,3,-2,0,-1,-1,-1,-0.1,4,3,0.3,.496,.499,0.3,-0.2,4,7/H8D9,,callal02
324,Yu Chang,26,4TM,2LG,190,-6,0,-1,2,1,-3,-0.4,6,3,0.3,.495,.500,0.0,0.4,1,46/35HD1,,changyu01
324,Yu Chang,26,3TM,AL,141,-4,1,-1,2,2,0,-0.1,5,5,0.4,.499,.501,0.2,0.4,3,46/531H,,changyu01
324,Yu Chang,26,CLE,AL,10,-2,0,0,0,0,-3,-0.3,0,-2,-0.3,.428,.498,-0.3,0.0,-2,/345H,,changyu01
324,Yu Chang,26,PIT,NL,49,-2,0,0,0,0,-3,-0.3,2,-1,-0.2,.482,.498,-0.2,0.0,-1,4/3HD,,changyu01
324,Yu Chang,26,TBR,AL,105,-1,1,-1,2,1,3,0.3,4,6,0.6,.508,.502,0.4,0.4,4,4/6513,,changyu01
324,Yu Chang,26,BOS,AL,26,-1,0,0,0,0,-1,-0.1,1,0,0.0,.495,.500,0.0,0.1,0,/643,,changyu01
325,Kerry Carpenter*,24,DET,AL,113,3,0,0,-2,-2,0,0.0,4,4,0.3,.499,.500,0.6,-0.4,6,7D/9H,,carpeke01
326,Jake Cave*,29,MIN,AL,177,-2,0,0,1,-2,-3,-0.3,6,3,0.3,.495,.498,0.2,-0.1,2,79/H8,,caveja01
327,Paul DeJong,28,STL,NL,237,-14,-1,1,5,4,-5,-0.5,8,3,0.3,.493,.497,-0.3,0.9,-2,6/H4D,,dejonpa01
328,Adam Engel,30,CHW,AL,260,-11,1,1,5,-1,-5,-0.6,9,4,0.3,.495,.497,-0.2,0.4,-1,*89H/7D,,engelad01
329,Kyle Garlick,30,MIN,AL,162,3,0,0,-3,-3,-3,-0.3,6,3,0.3,.496,.498,0.6,-0.6,6,79H/D,,garliky01
330,Luis González*,26,SFG,NL,350,-4,-1,2,0,-5,-8,-0.7,12,5,0.3,.492,.495,0.3,-0.5,4,97/H81D,,gonzalu03
331,Randal Grichuk,30,COL,NL,538,-7,0,0,-4,-2,-14,-1.4,18,4,0.3,.489,.491,0.7,-0.6,8,*98/H1D,,grichra01
332,Adam Haseley*,26,CHW,AL,25,1,0,0,2,-1,2,0.2,1,2,0.3,.512,.501,0.0,0.2,0,/H978D,,haselad01
333,David Hensley,26,HOU,AL,34,3,0,0,-1,0,2,0.2,1,3,0.3,.511,.501,0.4,-0.1,4,/D45H67,,henslda01
334,Sam Huff,24,TEX,AL,132,-1,1,0,-3,1,-2,-0.2,5,3,0.3,.496,.499,0.6,-0.2,6,2/H3D,,huffsa01
335,Royce Lewis,23,MIN,AL,41,2,0,0,0,1,2,0.2,1,3,0.3,.515,.501,0.3,0.1,3,6/8,,lewisro02
336,Otto Lopez,23,TOR,AL,10,2,0,0,0,0,2,0.2,0,2,0.3,.526,.501,0.3,0.0,2,/6H48D,,lopezot01
337,Josh Lowe*,24,TBR,AL,198,-5,0,0,3,-2,-3,-0.3,7,4,0.3,.494,.498,0.0,0.1,1,97/8DH,,lowejo01
338,Jake Marisnick,31,PIT,NL,82,-1,0,0,1,0,0,0.0,3,3,0.3,.499,.500,0.2,0.1,2,87/9H,,marisja01
339,Owen Miller,25,CLE,AL,472,-7,1,1,-1,-5,-11,-1.2,16,5,0.3,.491,.492,0.5,-0.7,6,34DH/5,,milleow01
340,Omar Narváez*,30,MIL,NL,296,-11,-1,0,-1,6,-7,-0.7,10,3,0.3,.491,.495,0.4,0.5,4,2/DH,,narvaom01
341,Tomás Nido,28,NYM,NL,313,-11,-2,-2,1,6,-7,-0.7,11,4,0.3,.492,.495,0.2,0.8,3,2/H,,nidoto01
342,Luke Raley*,27,TBR,AL,72,-1,0,0,3,-1,1,0.1,2,3,0.3,.503,.500,0.0,0.2,0,/97D3H,,raleylu01
343,Taylor Trammell*,24,SEA,AL,117,-1,0,0,2,-1,-1,-0.1,4,3,0.3,.499,.500,0.1,0.1,1,9/8H7D,,trammta01
344,Brett Phillips*,28,2TM,AL,225,-15,4,1,7,-1,-4,-0.5,8,3,0.2,.494,.498,-0.5,0.7,-4,89H/71D,,phillbr02
344,Brett Phillips*,28,TBR,AL,208,-13,4,1,6,0,-3,-0.3,7,4,0.3,.496,.498,-0.3,0.6,-2,89/H17D,,phillbr02
344,Brett Phillips*,28,BAL,AL,17,-2,0,0,1,0,-1,-0.2,1,-1,-0.1,.480,.499,-0.2,0.1,-2,/7H9D,,phillbr02
345,Akil Baddoo*,23,DET,AL,225,-8,0,1,5,-1,-5,-0.5,8,3,0.2,.493,.497,-0.3,0.4,-2,78H/D,,baddoak01
346,Charlie Blackmon*,35,COL,NL,577,-5,-1,2,-3,-8,-16,-1.7,19,3,0.2,.487,.489,0.5,-1.2,6,D9/H,,blackch02
347,Austin Dean,28,SFG,NL,9,1,0,0,0,0,1,0.1,0,2,0.2,.539,.501,0.2,0.0,1,/79H,,deanau01
348,Ben DeLuzio,27,STL,NL,25,-1,0,0,2,0,1,0.1,1,2,0.2,.506,.501,0.0,0.2,0,8/HD,,deluzbe01
349,Jordan Diaz,21,OAK,AL,51,-1,0,0,1,0,0,0.0,2,2,0.2,.499,.500,0.1,0.1,1,4/D3,,diazjo03
350,Joe Dunand,26,MIA,NL,11,1,0,0,0,0,1,0.1,0,2,0.2,.539,.501,0.2,0.0,1,/45,,dunanjo01
351,Ezequiel Durán,23,TEX,AL,220,-6,0,0,0,2,-5,-0.5,8,3,0.2,.491,.497,0.2,0.1,3,5/4HD,,duranez01
352,Erik González,30,MIA,NL,41,-3,0,0,2,1,0,0.0,1,2,0.2,.501,.500,-0.1,0.3,-1,/6543,,gonzaer01
353,Monte Harrison,26,LAA,AL,14,1,0,0,1,0,2,0.2,0,2,0.2,.520,.501,0.1,0.1,1,/78H,,harrimo01
354,Odúbel Herrera*,30,PHI,NL,197,-2,0,0,-3,1,-4,-0.4,7,2,0.2,.493,.497,0.5,-0.2,5,87H/9,,herreod01
355,Shea Langeliers,24,OAK,AL,153,-1,-1,-1,0,-1,-3,-0.4,5,2,0.2,.491,.498,0.2,-0.1,2,D2,,langesh01
356,Liover Peguero,21,PIT,NL,4,0,0,0,1,0,1,0.1,0,2,0.2,.645,.501,0.0,0.1,0,/6,,pegueli01
357,Josh Smith*,24,TEX,AL,253,-11,0,0,5,0,-6,-0.6,9,3,0.2,.492,.496,-0.3,0.5,-2,57H/6D4,,smithjo11
358,Alan Trejo,26,COL,NL,125,0,0,0,-3,2,-2,-0.2,4,2,0.2,.493,.499,0.5,-0.1,5,64/5H,,trejoal01
359,Chadwick Tromp,27,ATL,NL,4,2,0,0,0,0,2,0.2,0,2,0.2,.660,.501,0.2,0.0,2,/2,,trompch01
360,Meibrys Viloria*,25,TEX,AL,75,-4,0,0,2,1,0,0.0,3,2,0.2,.499,.500,0.0,0.3,0,2/HD,,vilorme01
361,Tyler Heineman#,31,2TM,2LG,174,-10,0,0,2,3,-4,-0.4,6,2,0.2,.494,.498,0.0,0.6,0,2/HD,,heinety01
361,Tyler Heineman#,31,TOR,AL,16,0,0,0,0,0,0,0.0,1,1,0.1,.503,.500,0.1,0.0,1,/2DH,,heinety01
361,Tyler Heineman#,31,PIT,NL,158,-9,0,0,2,3,-4,-0.4,5,1,0.1,.492,.497,-0.1,0.6,-1,2/H,,heinety01
362,Bradley Zimmer*,29,2TM,2LG,117,-10,0,0,6,1,-2,-0.2,4,2,0.1,.498,.497,-0.5,0.7,-4,8H/9D,,zimmebr01
362,Bradley Zimmer*,29,TOR,AL,101,-9,0,0,3,1,-5,-0.5,3,-1,-0.2,.495,.497,-0.5,0.4,-4,8H/9D,,zimmebr01
362,Bradley Zimmer*,29,PHI,NL,16,-1,0,0,3,0,3,0.3,1,3,0.3,.531,.502,0.0,0.3,0,/8H,,zimmebr01
363,Miguel Andujar,27,2TM,2LG,140,-5,0,0,3,-2,-3,-0.3,5,2,0.1,.490,.499,-0.2,0.1,-1,7D/H3,,andujmi01
363,Miguel Andujar,27,NYY,AL,100,-4,0,0,4,-1,-1,-0.1,3,3,0.2,.497,.499,-0.2,0.3,-1,7/DH3,,andujmi01
363,Miguel Andujar,27,PIT,NL,40,-1,0,0,-1,-1,-2,-0.3,1,-1,-0.1,.472,.498,0.0,-0.2,0,/D7,,andujmi01
364,Conner Capel*,25,2TM,2LG,59,3,-1,0,-2,-1,-1,-0.1,2,1,0.1,.496,.500,0.3,-0.3,3,9/H7D,,capelco01
364,Conner Capel*,25,STL,NL,19,-1,0,0,0,0,-2,-0.2,1,-1,-0.1,.481,.499,-0.1,-0.1,-1,/97DH,,capelco01
364,Conner Capel*,25,OAK,AL,40,4,-1,0,-2,0,1,0.1,1,2,0.2,.506,.500,0.4,-0.3,4,9/H,,capelco01
365,CJ Abrams*,21,2TM,NL,302,-9,-1,1,-5,4,-9,-0.9,10,1,0.1,.489,.497,0.6,-0.1,6,64/H9D,,abramcj01
365,CJ Abrams*,21,SDP,NL,139,-4,0,0,-1,2,-4,-0.4,5,1,0.1,.491,.497,0.2,0.1,2,64/H9D,,abramcj01
365,CJ Abrams*,21,WSN,NL,163,-5,0,2,-4,2,-5,-0.5,6,1,0.0,.488,.497,0.4,-0.2,4,6/H,,abramcj01
366,Greg Allen#,29,PIT,NL,134,-7,2,0,3,-1,-4,-0.4,5,1,0.1,.491,.498,-0.3,0.2,-2,798H/D,,allengr01
367,Gabriel Arias,22,CLE,AL,57,0,1,0,-3,0,-1,-0.1,2,1,0.1,.492,.499,0.4,-0.3,4,/5463H,,ariasga01
368,Wynton Bernard,31,COL,NL,42,-2,0,0,1,0,-1,-0.1,1,1,0.1,.494,.500,-0.1,0.1,0,8/79DH,,bernawy01
369,Jonah Bride,26,OAK,AL,187,-7,0,-1,1,1,-5,-0.6,6,1,0.1,.490,.497,0.0,0.2,0,45/H3D,,bridejo01
370,Johan Camargo#,28,PHI,NL,166,-5,0,1,-1,2,-5,-0.5,6,1,0.1,.491,.497,0.2,0.1,2,65H/43D,,camarjo01
371,Vinny Capra,25,TOR,AL,7,0,0,0,0,0,0,0.0,0,0,0.1,.502,.500,0.1,0.0,0,/HD479,,capravi01
372,Triston Casas*,22,BOS,AL,95,2,-1,0,-2,-1,-2,-0.2,3,1,0.1,.493,.499,0.3,-0.3,3,3/H,,casastr01
373,Robinson Chirinos,38,BAL,AL,220,-8,-2,-1,0,4,-6,-0.7,8,1,0.1,.490,.496,0.1,0.4,1,2/H,,chiriro01
374,Nelson Cruz,41,WSN,NL,507,-4,0,-1,0,-11,-15,-1.6,17,2,0.1,.487,.490,0.0,-1.1,2,*D/H,,cruzne02
375,Dustin Garneau,34,DET,AL,11,0,0,0,0,0,1,0.1,0,1,0.1,.507,.500,0.1,0.0,1,/2H,,garnedu01
376,Nolan Jones*,24,CLE,AL,94,-1,-1,0,1,-1,-2,-0.2,3,1,0.1,.492,.499,0.0,0.0,0,9/DH,,jonesno01
377,Gosuke Katoh*,27,TOR,AL,11,0,0,0,0,0,0,0.0,0,1,0.1,.505,.500,0.1,0.0,1,/3H4D,,katohgo01
378,Mark Kolozsvary,26,CIN,NL,21,-1,1,0,0,0,0,0.0,1,1,0.1,.504,.500,0.1,0.1,1,/2H,,kolozma01
379,Dixon Machado,30,SFG,NL,17,-1,0,0,1,0,0,0.0,1,1,0.1,.507,.500,0.0,0.1,0,/6,,machadi01
380,Yadier Molina,39,STL,NL,270,-15,-2,-1,6,5,-7,-0.8,9,2,0.1,.490,.495,-0.6,1.2,-4,2/13DH,,molinya01
381,Elehuris Montero,23,COL,NL,185,-4,0,0,0,-1,-5,-0.5,6,2,0.1,.491,.497,0.1,-0.1,2,53D/H,,monteel01
382,Edward Olivares,26,KCR,AL,174,2,0,1,-5,-2,-5,-0.5,6,1,0.1,.490,.497,0.6,-0.8,6,97H/D8,,olivaed02
383,Rafael Ortega*,31,CHC,NL,371,-5,-1,-1,-3,-1,-11,-1.1,13,2,0.1,.490,.493,0.4,-0.4,5,8HD97,,ortegra01
384,Evan Phillips,27,LAD,NL,1,0,0,0,0,0,1,0.1,0,1,0.1,.548,.500,0.1,0.0,1,1,,phillev01
385,Edwin Ríos*,28,LAD,NL,92,1,0,0,-1,-2,-2,-0.2,3,1,0.1,.493,.499,0.2,-0.3,2,D/H35,,riosed01
386,Eguy Rosario,22,SDP,NL,6,0,0,0,1,0,1,0.1,0,1,0.1,.511,.500,0.0,0.1,0,/H56D,,rosareg01
387,Jonathan Schoop,30,DET,AL,510,-26,0,-2,9,4,-15,-1.7,17,3,0.1,.488,.490,-0.9,1.4,-6,*4/3HD,,schoojo01
388,Spencer Steer,24,CIN,NL,108,-4,0,0,1,0,-2,-0.2,4,1,0.1,.491,.498,0.0,0.1,0,5/34DH,,steersp01
389,Dillon Thomas*,29,LAA,AL,14,-1,0,0,2,0,1,0.1,0,1,0.1,.507,.500,-0.1,0.2,-1,/79H,,thomadi01
390,Luis Torrens,26,SEA,AL,166,-5,-1,-1,0,2,-4,-0.4,6,2,0.1,.492,.497,0.1,0.2,2,2/DH14,,torrelu01
391,Jason Vosler*,28,SFG,NL,111,4,0,0,-7,1,-3,-0.3,4,1,0.1,.492,.498,0.8,-0.7,8,5/H73469,,vosleja01
392,LaMonte Wade Jr.*,28,SFG,NL,251,-3,0,1,-1,-4,-7,-0.7,9,1,0.1,.490,.495,0.2,-0.5,2,937HD/8,,wadela01
393,Jared Young*,26,CHC,NL,22,0,0,0,0,0,0,0.0,1,1,0.1,.501,.500,0.1,0.0,1,/D39H,,youngja02
394,Mauricio Dubón,27,2TM,2LG,265,-13,-1,0,4,3,-8,-0.9,9,1,0.0,.492,.496,-0.4,0.7,-3,864H/759D,,dubonma01
394,Mauricio Dubón,27,SFG,NL,49,-1,0,0,1,1,0,0.0,2,2,0.2,.501,.500,0.1,0.2,1,8/H654D,,dubonma01
394,Mauricio Dubón,27,HOU,AL,216,-12,-1,-1,3,2,-8,-0.9,7,-1,-0.2,.489,.495,-0.5,0.5,-4,864/7H9,,dubonma01
395,Tyler Naquin*,31,2TM,NL,334,-5,1,1,-4,-4,-11,-1.1,11,1,0.0,.489,.497,0.4,-0.8,5,9HD7/8,,naquity01
395,Tyler Naquin*,31,CIN,NL,204,-1,1,1,-1,-2,-3,-0.2,7,4,0.4,.495,.498,0.5,-0.3,5,9D/H8,,naquity01
395,Tyler Naquin*,31,NYM,NL,130,-4,1,0,-3,-2,-8,-0.8,4,-4,-0.4,.482,.495,-0.1,-0.5,-1,97H/D8,,naquity01
396,Michael Pérez*,29,2TM,NL,132,-9,0,0,2,3,-5,-0.5,5,0,0.0,.489,.497,-0.3,0.5,-2,2/H,,perezmi03
396,Michael Pérez*,29,PIT,NL,116,-8,0,0,0,2,-6,-0.6,4,-2,-0.2,.485,.496,-0.2,0.3,-2,2/H,,perezmi03
396,Michael Pérez*,29,NYM,NL,16,-1,0,0,2,0,1,0.1,1,2,0.2,.519,.501,-0.1,0.3,0,/2,,perezmi03
397,Albert Abreu,26,KCR,AL,0,0,0,0,0,0,0,0.0,0,0,0.0,.500,.500,0.0,0.0,0,/1,,abreual01
398,Riley Adams,26,WSN,NL,155,-6,-2,0,0,3,-5,-0.5,5,1,0.0,.490,.497,0.0,0.3,1,2/HD3,,adamsri03
399,Hanser Alberto,29,LAD,NL,159,-4,-1,-1,1,1,-4,-0.4,5,1,0.0,.494,.497,-0.1,0.2,0,45H1/6D39,,alberha01
400,Scott Alexander*,32,SFG,NL,0,0,0,0,0,0,0,0.0,0,0,0.0,.500,.500,0.0,0.0,0,1,,alexasc02
401,Anthony Alford,27,PIT,NL,4,0,0,0,0,0,0,-0.1,0,0,0.0,.476,.500,0.0,0.0,0,/789,,alforan01
402,Austin Allen*,28,OAK,AL,16,-2,0,0,2,0,0,0.0,1,0,0.0,.495,.500,-0.2,0.3,-2,/2D,,allenau01
403,Abraham Almonte#,33,BOS,AL,37,0,1,0,-2,0,-1,-0.2,1,0,0.0,.490,.499,0.2,-0.2,2,/H87D9,,almonab01
404,José Alvarado*,27,PHI,NL,1,0,0,0,0,0,0,0.0,0,0,0.0,.490,.500,0.0,0.0,0,1,,alvarjo03
405,Francisco Alvarez,20,NYM,NL,14,0,0,0,0,0,0,0.0,0,0,0.0,.496,.500,0.0,0.0,0,/D2H,,alvarfr01
406,Tyler Anderson*,32,LAD,NL,1,0,0,0,0,0,0,0.0,0,0,0.0,.495,.500,0.0,0.0,0,1/H,AS,anderty01
407,Mark Appel,30,PHI,NL,0,0,0,0,0,0,0,0.0,0,0,0.0,.500,.500,0.0,0.0,0,/1,,appelma01
408,Daniel Bard,37,COL,NL,0,0,0,0,0,0,0,0.0,0,0,0.0,.500,.500,0.0,0.0,0,1,MVP-16,bardda01
409,Joe Barlow,26,TEX,AL,0,0,0,0,0,0,0,0.0,0,0,0.0,.500,.500,0.0,0.0,0,1,,barlojo01
410,Scott Barlow,29,KCR,AL,0,0,0,0,0,0,0,0.0,0,0,0.0,.500,.500,0.0,0.0,0,1,,barlosc01
411,Anthony Bass,34,MIA,NL,0,0,0,0,0,0,0,0.0,0,0,0.0,.493,.500,0.0,0.0,0,1/DH,,bassan01
412,Félix Bautista,27,BAL,AL,0,0,0,0,0,0,0,0.0,0,0,0.0,.500,.500,0.0,0.0,0,1,,bautife01
413,David Bednar*,27,PIT,NL,0,0,0,0,0,0,0,0.0,0,0,0.0,.500,.500,0.0,0.0,0,1,AS,bednada01
414,Andrew Bellatti,30,PHI,NL,0,0,0,0,0,0,0,0.0,0,0,0.0,.500,.500,0.0,0.0,0,1,,bellaan01
415,Phil Bickford,26,LAD,NL,0,0,0,0,0,0,0,0.0,0,0,0.0,.500,.500,0.0,0.0,0,1,,bickfph01
416,Dairon Blanco,29,KCR,AL,7,0,0,0,0,0,0,0.0,0,0,0.0,.503,.500,0.0,0.0,0,/8HD,,blancda02
417,Richard Bleier*,35,MIA,NL,0,0,0,0,0,0,0,0.0,0,0,0.0,.500,.500,0.0,0.0,0,1,,bleieri01
418,Ronald Bolaños,25,KCR,AL,0,0,0,0,0,0,0,0.0,0,0,0.0,.500,.500,0.0,0.0,0,/1,,bolanro01
419,Rob Brantly*,32,NYY,AL,3,0,0,0,0,0,0,0.0,0,0,0.0,.534,.500,0.0,0.0,0,/2,,brantro01
420,Matt Brash,24,SEA,AL,0,0,0,0,0,0,0,0.0,0,0,0.0,.500,.500,0.0,0.0,0,1,,brashma01
421,Justin Bruihl*,25,LAD,NL,0,0,0,0,0,0,0,0.0,0,0,0.0,.500,.500,0.0,0.0,0,1,,bruihju01
422,Aaron Bummer*,28,CHW,AL,0,0,0,0,0,0,0,0.0,0,0,0.0,.500,.500,0.0,0.0,0,1,,bummeaa01
423,Jake Burger,26,CHW,AL,183,1,-1,-1,-5,0,-6,-0.6,6,1,0.0,.488,.496,0.5,-0.5,5,5/DH4,,burgeja01
424,Alec Burleson*,23,STL,NL,53,-1,0,0,0,-1,-2,-0.2,2,0,0.0,.487,.499,0.0,-0.1,0,/93D7H,,burleal01
425,Daz Cameron,25,DET,AL,70,-2,0,0,0,0,-2,-0.2,2,0,0.0,.489,.499,0.0,0.0,0,9/8H,,camerda01
426,Diego Castillo,28,SEA,AL,0,0,0,0,0,0,0,0.0,0,0,0.0,.500,.500,0.0,0.0,0,1,,castidi01
427,Taylor Clarke,29,KCR,AL,0,0,0,0,0,0,0,0.0,0,0,0.0,.500,.500,0.0,0.0,0,1,,clarkta01
428,Dylan Coleman,25,KCR,AL,0,0,0,0,0,0,0,0.0,0,0,0.0,.500,.500,0.0,0.0,0,1,,colemdy01
429,Alex Colomé,33,COL,NL,0,0,0,0,0,0,0,0.0,0,0,0.0,.500,.500,0.0,0.0,0,1,,colomal01
430,Charlie Culberson,33,TEX,AL,124,-3,-1,0,1,-1,-3,-0.4,4,1,0.0,.495,.498,-0.1,0.0,0,5H74D/136,,culbech01
431,Jaylin Davis,27,BOS,AL,27,1,0,0,-1,0,-1,-0.1,1,0,0.0,.496,.500,0.2,-0.1,1,/H897,,davisja03
432,Jonathan Davis,30,MIL,NL,91,-3,0,0,-1,1,-3,-0.3,3,0,0.0,.492,.498,0.1,0.0,1,8/H,,davisjo05
433,Enyel De Los Santos,26,CLE,AL,0,0,0,0,0,0,0,0.0,0,0,0.0,.500,.500,0.0,0.0,0,1,,delosen01
434,Edwin Díaz,28,NYM,NL,0,0,0,0,0,0,0,0.0,0,0,0.0,.500,.500,0.0,0.0,0,1,ASCYA-9MVP-16,diazed04
435,Yusniel Díaz,25,BAL,AL,1,0,0,0,0,0,0,0.0,0,0,0.0,.471,.500,0.0,0.0,0,/9H,,diazyu01
436,Brandon Dixon,30,SDP,NL,14,-1,0,0,1,0,-1,-0.1,0,0,0.0,.488,.500,-0.1,0.1,-1,/D59H,,dixonbr01
437,Tyler Duffey,31,MIN,AL,0,0,0,0,0,0,0,0.0,0,0,0.0,.500,.500,0.0,0.0,0,1,,duffety01
438,Jhoan Duran,24,MIN,AL,0,0,0,0,0,0,0,0.0,0,0,0.0,.500,.500,0.0,0.0,0,1,,duranjh01
439,Carlos Estévez,29,COL,NL,0,0,0,0,0,0,0,0.0,0,0,0.0,.500,.500,0.0,0.0,0,1,,estevca01
440,Jeurys Familia,32,PHI,NL,0,0,0,0,0,0,0,0.0,0,0,0.0,.500,.500,0.0,0.0,0,1,,familje01
441,Mario Feliciano,23,MIL,NL,5,0,0,0,0,0,0,0.0,0,0,0.0,.506,.500,0.0,0.0,0,/2,,felicma01
442,Dylan Floro*,31,MIA,NL,0,0,0,0,0,0,0,0.0,0,0,0.0,.500,.500,0.0,0.0,0,1,,florody01
443,Matt Foster,27,CHW,AL,0,0,0,0,0,0,0,0.0,0,0,0.0,.500,.500,0.0,0.0,0,1,,fostema01
444,Clint Frazier,27,CHC,NL,45,0,0,0,-1,-1,-2,-0.2,2,0,0.0,.491,.499,0.1,-0.2,1,/DH79,,frazicl01
445,Michael Fulmer,29,MIN,AL,0,0,0,0,0,0,0,0.0,0,0,0.0,.500,.500,0.0,0.0,0,1,,fulmemi01
446,Ben Gamel*,30,PIT,NL,423,-1,0,1,-8,-5,-13,-1.4,14,1,0.0,.488,.491,0.8,-1.4,9,79DH/38,,gamelbe01
447,Luis García Jr.*,22,WSN,NL,377,-2,-2,1,-14,5,-13,-1.3,13,0,0.0,.486,.492,1.4,-1.0,14,64/H,,garcilu04
448,Rico Garcia,28,BAL,AL,0,0,0,0,0,0,0,0.0,0,0,0.0,.500,.500,0.0,0.0,0,/1,,garciri01
449,Lucas Gilbreath*,26,COL,NL,0,0,0,0,0,0,0,0.0,0,0,0.0,.500,.500,0.0,0.0,0,1,,gilbrlu01
450,Kevin Ginkel*,28,ARI,NL,0,0,0,0,0,0,0,0.0,0,0,0.0,.500,.500,0.0,0.0,0,1,,ginkeke01
451,Mychal Givens,32,NYM,NL,0,0,0,0,0,0,0,0.0,0,0,0.0,.499,.500,0.0,0.0,0,1/H,,givenmy01
452,Kendall Graveman,31,CHW,AL,0,0,0,0,0,0,0,0.0,0,0,0.0,.500,.500,0.0,0.0,0,1,,graveke01
453,Grayson Greiner,29,ARI,NL,8,0,0,0,0,0,0,0.0,0,0,0.0,.497,.500,0.0,0.0,0,/2,,greingr01
454,Justin Grimm,33,OAK,AL,0,0,0,0,0,0,0,0.0,0,0,0.0,.500,.500,0.0,0.0,0,1,,grimmju01
455,Liam Hendriks,33,CHW,AL,0,0,0,0,0,0,0,0.0,0,0,0.0,.500,.500,0.0,0.0,0,1,AS,hendrli01
456,Ryan Hendrix,27,CIN,NL,0,0,0,0,0,0,0,0.0,0,0,0.0,.500,.500,0.0,0.0,0,/1,,hendrry01
457,Carlos Hernández,25,KCR,AL,0,0,0,0,0,0,0,0.0,0,0,0.0,.500,.500,0.0,0.0,0,1,,hernaca04
458,Yonny Hernández#,24,ARI,NL,28,-4,1,0,2,0,-1,-0.1,1,0,0.0,.492,.499,-0.2,0.2,-2,5/4H,,hernayo02
459,Jeff Hoffman,29,CIN,NL,0,0,0,0,0,0,0,0.0,0,0,0.0,.500,.500,0.0,0.0,0,1,,hoffmje02
460,Brandon Hughes#,26,CHC,NL,0,0,0,0,0,0,0,0.0,0,0,0.0,.500,.500,0.0,0.0,0,1,,hughebr01
461,Tommy Hunter,35,NYM,NL,0,0,0,0,0,0,0,0.0,0,0,0.0,.500,.500,0.0,0.0,0,1,,hunteto02
462,Ender Inciarte*,31,NYM,NL,8,-1,0,0,1,0,-1,-0.1,0,0,0.0,.494,.500,-0.1,0.1,-1,/7H89D,,inciaen01
463,Taylor Jones,28,HOU,AL,1,0,0,0,0,0,0,0.0,0,0,0.0,.472,.500,0.0,0.0,0,/H,,jonesta01
464,Josh Jung,24,TEX,AL,102,-3,0,0,0,1,-3,-0.3,3,1,0.0,.488,.498,0.1,0.1,1,5/D,,jungjo01
465,James Kaprielian,28,OAK,AL,0,0,0,0,0,0,0,0.0,0,0,0.0,.489,.500,0.0,0.0,0,1/DH,,kaprija01
466,Buddy Kennedy,23,ARI,NL,94,-3,0,0,-1,1,-3,-0.3,3,0,0.0,.489,.498,0.1,0.0,1,4/HD5,,kennebu01
467,Ian Kennedy,37,ARI,NL,0,0,0,0,0,0,0,0.0,0,0,0.0,.500,.500,0.0,0.0,0,1,,kenneia01
468,Craig Kimbrel,34,LAD,NL,0,0,0,0,0,0,0,0.0,0,0,0.0,.500,.500,0.0,0.0,0,1,,kimbrcr01
469,Scott Kingery,28,PHI,NL,0,0,0,0,0,0,0,0.0,0,0,0.0,.500,.500,0.0,0.0,0,/4,,kingesc01
470,Joey Krehbiel,29,BAL,AL,0,0,0,0,0,0,0,0.0,0,0,0.0,.500,.500,0.0,0.0,0,1,,krehbjo01
471,Jason Krizan*,33,SFG,NL,10,-1,0,0,0,0,-1,-0.1,0,0,0.0,.474,.500,0.0,0.0,0,/7,,krizaja01
472,Joel Kuhnel,27,CIN,NL,0,0,0,0,0,0,0,0.0,0,0,0.0,.500,.500,0.0,0.0,0,1,,kuhnejo01
473,Jimmy Lambert,27,CHW,AL,0,0,0,0,0,0,0,0.0,0,0,0.0,.500,.500,0.0,0.0,0,1,,lambeji01
474,Jack Larsen*,27,SEA,AL,1,0,0,0,0,0,0,0.0,0,0,0.0,.471,.500,0.0,0.0,0,/9,,larseja01
475,Khalil Lee*,24,NYM,NL,2,1,0,0,-1,0,0,0.0,0,0,0.0,.508,.500,0.1,-0.1,1,/8,,leekh01
476,Matthew Liberatore*,22,STL,NL,0,0,0,0,0,0,0,0.0,0,0,0.0,.500,.500,0.0,0.0,0,/1,,liberma01
477,Jonathan Loáisiga,27,NYY,AL,0,0,0,0,0,0,0,0.0,0,0,0.0,.500,.500,0.0,0.0,0,1,,loaisjo01
478,Jorge López,29,2TM,AL,0,0,0,0,0,0,0,0.0,0,0,0.0,.500,.500,0.0,0.0,0,1,AS,lopezjo02
478,Jorge López,29,BAL,AL,0,0,0,0,0,0,0,0.0,0,0,0.0,.500,.500,0.0,0.0,0,1,,lopezjo02
478,Jorge López,29,MIN,AL,0,0,0,0,0,0,0,0.0,0,0,0.0,.500,.500,0.0,0.0,0,1,,lopezjo02
479,Reynaldo López,28,CHW,AL,0,0,0,0,0,0,0,0.0,0,0,0.0,.500,.500,0.0,0.0,0,1,,lopezre01
480,Seth Lugo,32,NYM,NL,0,0,0,0,0,0,0,0.0,0,0,0.0,.500,.500,0.0,0.0,0,1,,lugose01
481,Jordan Luplow,28,ARI,NL,234,-5,-1,0,1,-3,-8,-0.8,8,0,0.0,.490,.495,-0.1,-0.2,-1,9H7/D835,,luplojo01
482,Daniel Lynch IV*,25,KCR,AL,0,0,0,0,0,0,0,0.0,0,0,0.0,.500,.500,0.0,0.0,0,1,,lynchda02
483,Joe Mantiply,31,ARI,NL,0,0,0,0,0,0,0,0.0,0,0,0.0,.500,.500,0.0,0.0,0,1,AS,mantijo01
484,Brett Martin*,27,TEX,AL,0,0,0,0,0,0,0,0.0,0,0,0.0,.500,.500,0.0,0.0,0,1,,martibr01
485,Chris Martin,36,LAD,NL,0,0,0,0,0,0,0,0.0,0,0,0.0,.500,.500,0.0,0.0,0,1,,martich02
486,Richie Martin,27,BAL,AL,33,-2,-1,0,1,0,-1,-0.1,1,0,0.0,.491,.499,-0.1,0.1,-1,4/6HD,,martiri01
487,Nomar Mazara*,27,SDP,NL,171,-1,-1,0,-3,-1,-5,-0.6,6,1,0.0,.490,.497,0.3,-0.5,3,9H/7,,mazarno01
488,Mickey McDonald#,27,OAK,AL,6,0,0,0,0,0,-1,-0.1,0,0,0.0,.486,.500,0.0,0.0,0,/H89D,,mcdonmi01
489,Adonis Medina,25,NYM,NL,0,0,0,0,0,0,0,0.0,0,0,0.0,.500,.500,0.0,0.0,0,1,,medinad01
490,Mark Melancon,37,ARI,NL,0,0,0,0,0,0,0,0.0,0,0,0.0,.500,.500,0.0,0.0,0,1,,melanma01
491,Keynan Middleton,28,ARI,NL,0,0,0,0,0,0,0,0.0,0,0,0.0,.500,.500,0.0,0.0,0,1,,middlke01
492,Alec Mills,30,CHC,NL,0,0,0,0,0,0,0,0.0,0,0,0.0,.500,.500,0.0,0.0,0,/1,,millsal02
493,Wyatt Mills,27,SEA,AL,0,0,0,0,0,0,0,0.0,0,0,0.0,.500,.500,0.0,0.0,0,/1,,millswy01
494,Nate Mondou*,27,OAK,AL,3,0,0,0,0,0,0,0.0,0,0,0.0,.484,.500,0.0,0.0,0,/4,,mondona01
495,Dauri Moreta,26,CIN,NL,0,0,0,0,0,0,0,0.0,0,0,0.0,.500,.500,0.0,0.0,0,1,,moretda01
496,Reyes Moronta,29,ARI,NL,0,0,0,0,0,0,0,0.0,0,0,0.0,.500,.500,0.0,0.0,0,1,,moronre01
497,Penn Murfee,28,SEA,AL,0,0,0,0,0,0,0,0.0,0,0,0.0,.500,.500,0.0,0.0,0,1,,murfepe01
498,Andrew Nardi*,23,MIA,NL,0,0,0,0,0,0,0,0.0,0,0,0.0,.500,.500,0.0,0.0,0,1,,nardian01
499,Kyle Nelson*,25,ARI,NL,0,0,0,0,0,0,0,0.0,0,0,0.0,.500,.500,0.0,0.0,0,1,,nelsoky01
500,Daniel Norris*,29,CHC,NL,0,0,0,0,0,0,0,0.0,0,0,0.0,.500,.500,0.0,0.0,0,1,,norrida01
501,Brian O'Keefe,28,SEA,AL,4,0,0,0,0,0,0,0.0,0,0,0.0,.513,.500,0.0,0.0,0,/2D,,okeefbr01
502,Steven Okert*,30,MIA,NL,0,0,0,0,0,0,0,0.0,0,0,0.0,.500,.500,0.0,0.0,0,1,,okertst01
503,Joel Payamps,28,2TM,AL,0,0,0,0,0,0,0,0.0,0,0,0.0,.500,.500,0.0,0.0,0,1,,payamjo01
503,Joel Payamps,28,KCR,AL,0,0,0,0,0,0,0,0.0,0,0,0.0,.500,.500,0.0,0.0,0,1,,payamjo01
503,Joel Payamps,28,OAK,AL,0,0,0,0,0,0,0,0.0,0,0,0.0,.500,.500,0.0,0.0,0,1,,payamjo01
504,Mark Payton*,30,CHW,AL,25,-1,0,0,0,0,-1,-0.1,1,0,0.0,.492,.500,0.0,0.0,0,/798H,,paytoma01
505,Cionel Pérez,26,BAL,AL,0,0,0,0,0,0,0,0.0,0,0,0.0,.500,.500,0.0,0.0,0,1,,perezci01
506,Joe Perez,22,HOU,AL,1,0,0,0,0,0,0,0.0,0,0,0.0,.472,.500,0.0,0.0,0,/5H,,perezjo02
507,Zach Pop,25,MIA,NL,0,0,0,0,0,0,0,0.0,0,0,0.0,.500,.500,0.0,0.0,0,1,,popza01
508,Sean Poppen,28,ARI,NL,0,0,0,0,0,0,0,0.0,0,0,0.0,.500,.500,0.0,0.0,0,1,,poppese01
509,David Price*,36,LAD,NL,0,0,0,0,0,0,0,0.0,0,0,0.0,.500,.500,0.0,0.0,0,1,,priceda01
510,Noé Ramirez,32,ARI,NL,0,0,0,0,0,0,0,0.0,0,0,0.0,.500,.500,0.0,0.0,0,1,,ramirno01
511,Jake Reed,29,2TM,2LG,0,0,0,0,0,0,0,0.0,0,0,0.0,.500,.500,0.0,0.0,0,1,,reedja02
511,Jake Reed,29,LAD,NL,0,0,0,0,0,0,0,0.0,0,0,0.0,.500,.500,0.0,0.0,0,/1,,reedja02
511,Jake Reed,29,BAL,AL,0,0,0,0,0,0,0,0.0,0,0,0.0,.500,.500,0.0,0.0,0,/1,,reedja02
512,JT Riddle*,30,CIN,NL,4,0,0,0,0,0,0,0.0,0,0,0.0,.483,.500,0.0,0.0,0,/5H,,riddljt01
513,David Robertson,37,CHC,NL,1,0,0,0,0,0,0,0.0,0,0,0.0,.495,.500,0.0,0.0,0,1,,roberda08
514,Joely Rodríguez*,30,NYM,NL,0,0,0,0,0,0,0,0.0,0,0,0.0,.500,.500,0.0,0.0,0,1,,rodrijo06
515,Taylor Rogers*,31,SDP,NL,0,0,0,0,0,0,0,0.0,0,0,0.0,.500,.500,0.0,0.0,0,1,,rogerta01
516,JoJo Romero*,25,PHI,NL,0,0,0,0,0,0,0,0.0,0,0,0.0,.500,.500,0.0,0.0,0,/1,,romerjo01
517,Reiver Sanmartín*,26,CIN,NL,2,-1,0,0,0,0,0,0.0,0,0,0.0,.480,.500,0.0,0.0,0,1,,sanmare01
518,Clarke Schmidt,26,NYY,AL,0,0,0,0,0,0,0,0.0,0,0,0.0,.500,.500,0.0,0.0,0,1,,schmicl01
519,Tanner Scott,27,MIA,NL,0,0,0,0,0,0,0,0.0,0,0,0.0,.500,.500,0.0,0.0,0,1,,scottta01
520,Brian Serven,27,COL,NL,205,-10,-1,0,0,4,-7,-0.7,7,0,0.0,.489,.496,-0.1,0.4,0,2/H13D,,servebr01
521,Anderson Severino*,27,CHW,AL,0,0,0,0,0,0,0,0.0,0,0,0.0,.500,.500,0.0,0.0,0,/1,,severan01
522,Pedro Severino,28,MIL,NL,21,0,0,0,0,0,0,0.0,1,0,0.0,.496,.500,0.0,0.0,0,/2H3D,,severpe01
523,Paul Sewald,32,SEA,AL,0,0,0,0,0,0,0,0.0,0,0,0.0,.500,.500,0.0,0.0,0,1,,sewalpa01
524,Bryan Shaw#,34,CLE,AL,0,0,0,0,0,0,0,0.0,0,0,0.0,.500,.500,0.0,0.0,0,1,,shawbr01
525,Chasen Shreve*,31,NYM,NL,0,0,0,0,0,0,0,0.0,0,0,0.0,.500,.500,0.0,0.0,0,1,,shrevch01
526,Collin Snider,26,KCR,AL,0,0,0,0,0,0,0,0.0,0,0,0.0,.500,.500,0.0,0.0,0,1,,snideco01
527,Cory Spangenberg*,31,STL,NL,0,0,0,0,0,0,0,0.0,0,0,0.0,.500,.500,0.0,0.0,0,/5,,spangco01
528,Josh Staumont,28,KCR,AL,0,0,0,0,0,0,0,0.0,0,0,0.0,.500,.500,0.0,0.0,0,1,,staumjo01
529,Drew Steckenrider,31,SEA,AL,0,0,0,0,0,0,0,0.0,0,0,0.0,.500,.500,0.0,0.0,0,1,,steckdr01
530,Michael Stefanic,26,LAA,AL,69,-5,0,0,2,1,-2,-0.2,2,0,0.0,.491,.499,-0.2,0.3,-2,4/H,,stefami01
531,Jackson Stephens,28,ATL,NL,0,0,0,0,0,0,0,0.0,0,0,0.0,.500,.500,0.0,0.0,0,1,,stephja01
532,Hunter Strickland,33,CIN,NL,0,0,0,0,0,0,0,0.0,0,0,0.0,.500,.500,0.0,0.0,0,1,,strichu01
533,Cole Sulser,32,MIA,NL,0,0,0,0,0,0,0,0.0,0,0,0.0,.500,.500,0.0,0.0,0,1,,sulseco01
534,Dillon Tate,28,BAL,AL,0,0,0,0,0,0,0,0.0,0,0,0.0,.500,.500,0.0,0.0,0,1,,tatedi01
535,Caleb Thielbar,35,MIN,AL,0,0,0,0,0,0,0,0.0,0,0,0.0,.500,.500,0.0,0.0,0,1,,thielca01
536,Bubba Thompson,24,TEX,AL,181,-6,2,0,0,-1,-5,-0.6,6,1,0.0,.490,.497,0.1,-0.2,1,79/8HD,,thompbu01
537,Ka'ai Tom*,28,SFG,NL,1,0,0,0,0,0,0,0.0,0,0,0.0,.472,.500,0.0,0.0,0,/9H,,tomka01
538,Terrin Vavra*,25,BAL,AL,103,-1,0,0,-1,-1,-3,-0.3,4,1,0.0,.492,.498,0.1,-0.2,2,47/HD9,,vavrate01
539,Luke Weaver,28,ARI,NL,0,0,0,0,0,0,0,0.0,0,0,0.0,.488,.500,0.0,0.0,0,1/DH,,weavelu01
540,J.B. Wendelken,29,ARI,NL,0,0,0,0,0,0,0,0.0,0,0,0.0,.500,.500,0.0,0.0,0,1,,wendejb01
541,Trevor Williams,30,NYM,NL,0,0,0,0,0,0,0,0.0,0,0,0.0,.500,.500,0.0,0.0,0,1,,willitr01
542,Marcus Wilson,25,SEA,AL,6,0,0,0,0,0,0,0.0,0,0,0.0,.488,.500,0.0,0.0,0,/9H8D,,wilsoma02
543,Billy Hamilton,31,2TM,2LG,23,-4,3,0,0,-1,-2,-0.2,1,-1,-0.1,.495,.499,-0.1,-0.1,-1,H7/8D45,,hamilbi02
543,Billy Hamilton,31,MIA,NL,15,-2,2,0,0,0,0,0.0,1,0,0.0,.499,.500,0.0,0.0,0,H/78D45,,hamilbi02
543,Billy Hamilton,31,MIN,AL,8,-1,0,0,0,0,-2,-0.2,0,-1,-0.1,.490,.499,-0.1,-0.1,-1,H/7D4,,hamilbi02
544,Travis Jankowski*,31,2TM,2LG,64,-4,0,1,1,-1,-3,-0.3,2,-1,-0.1,.492,.498,-0.3,0.0,-2,7H98/D,,jankotr01
544,Travis Jankowski*,31,NYM,NL,63,-4,0,1,1,-1,-3,-0.3,2,-1,-0.1,.493,.498,-0.2,0.0,-2,7H98/D,,jankotr01
544,Travis Jankowski*,31,SEA,AL,1,0,0,0,0,0,0,0.0,0,0,0.0,.474,.500,0.0,0.0,0,/8,,jankotr01
545,Roman Quinn#,29,2TM,2LG,87,-3,-1,0,1,0,-3,-0.4,3,-1,-0.1,.492,.499,-0.2,0.1,-1,87H/9,,quinnro01
545,Roman Quinn#,29,PHI,NL,40,-4,1,0,2,0,-1,-0.1,1,0,0.0,.494,.499,-0.2,0.2,-2,8/H79,,quinnro01
545,Roman Quinn#,29,TBR,AL,47,1,-2,0,-1,0,-2,-0.2,2,-1,-0.1,.489,.499,0.0,-0.2,0,/789H,,quinnro01
546,Donovan Walton*,28,2TM,2LG,78,-7,0,0,3,1,-3,-0.3,3,-1,-0.1,.486,.498,-0.4,0.5,-4,46/H15,,waltodo01
546,Donovan Walton*,28,SEA,AL,0,0,0,0,0,0,0,0.0,0,0,0.0,.499,.500,0.0,0.0,0,/5H,,waltodo01
546,Donovan Walton*,28,SFG,NL,78,-7,0,0,3,1,-3,-0.3,3,-1,-0.1,.486,.498,-0.4,0.5,-4,46/H1,,waltodo01
547,Sergio Alcántara#,25,2TM,NL,224,-7,0,0,-4,3,-8,-0.8,8,-1,-0.1,.491,.497,0.3,-0.1,4,564H/D,,alcanse01
547,Sergio Alcántara#,25,ARI,NL,186,-1,1,-1,-6,2,-5,-0.5,6,1,0.1,.493,.497,0.7,-0.4,7,564H/D,,alcanse01
547,Sergio Alcántara#,25,SDP,NL,38,-5,-1,0,2,1,-3,-0.3,1,-2,-0.2,.485,.498,-0.4,0.3,-4,/645HD,,alcanse01
548,Nick Ahmed,32,ARI,NL,54,0,0,0,-3,1,-2,-0.2,2,-1,-0.1,.485,.498,0.2,-0.2,2,6/HD,,ahmedni01
549,José Azócar,26,SDP,NL,216,-5,-2,0,2,-2,-7,-0.8,7,0,-0.1,.492,.495,-0.3,0.0,-2,98H7/D,,azocajo01
550,Tucker Barnhart*,31,DET,AL,308,-13,0,-1,-2,6,-10,-1.1,11,1,-0.1,.489,.493,0.2,0.4,3,2/15,,barnhtu01
551,Matthew Batten,27,SDP,NL,22,-2,0,1,0,0,-2,-0.2,1,-1,-0.1,.489,.499,-0.1,0.0,-1,/5H41D7,,battema01
552,Travis Blankenhorn*,25,NYM,NL,3,-1,0,0,0,0,-1,-0.1,0,-1,-0.1,.404,.499,-0.1,0.0,-1,/D,,blanktr01
553,Nick Castellanos,30,PHI,NL,558,-3,0,-1,-10,-5,-19,-1.9,19,0,-0.1,.485,.488,0.9,-1.6,10,*9D/7H,,casteni01
554,Mark Contreras*,27,MIN,AL,61,-5,1,0,2,0,-3,-0.3,2,-1,-0.1,.488,.498,-0.3,0.2,-3,8/9H7,,contrma01
555,Brendon Davis,24,DET,AL,11,-1,0,0,-1,0,-2,-0.2,0,-1,-0.1,.439,.499,0.0,-0.1,0,/95,,davisbr04
556,Ronnie Dawson*,27,CIN,NL,3,-1,0,0,0,0,-1,-0.1,0,-1,-0.1,.401,.499,-0.1,0.0,-1,/D,,dawsoro01
557,Yainer Diaz,23,HOU,AL,9,-1,0,0,0,0,-1,-0.1,0,-1,-0.1,.484,.499,-0.1,0.0,-1,/D2H,,diazya02
558,Wilmer Difo#,30,ARI,NL,6,-2,0,0,0,0,-1,-0.2,0,-1,-0.1,.449,.499,-0.1,0.0,-1,/64,,difowi01
559,Adam Duvall,33,ATL,NL,315,-7,-2,1,-2,0,-11,-1.1,11,0,-0.1,.487,.493,0.1,-0.2,2,879/H,,duvalad01
560,Maikel Garcia,22,KCR,AL,23,0,0,0,-1,0,-1,-0.2,1,-1,-0.1,.483,.499,0.0,-0.1,0,/6H,,garcima01
561,Terrance Gore,31,NYM,NL,8,-1,1,0,0,0,-1,-0.1,0,-1,-0.1,.491,.499,-0.1,0.0,-1,/H78D,,gorete01
562,Jordan Groshans,22,MIA,NL,65,-2,0,0,-1,0,-3,-0.3,2,-1,-0.1,.480,.498,0.0,-0.1,0,5,,groshjo01
563,Jake Hager,29,ARI,NL,59,-1,0,0,-2,1,-3,-0.3,2,0,-0.1,.491,.498,0.1,-0.1,2,4/561DH,,hagerja01
564,Payton Henry,25,MIA,NL,35,-2,0,0,-1,1,-2,-0.2,1,-1,-0.1,.484,.499,0.0,0.0,0,2/H,,henrypa01
565,Brewer Hicklen,26,KCR,AL,4,-1,0,0,0,0,-1,-0.1,0,-1,-0.1,.479,.499,-0.1,0.0,-1,/H798,,hicklbr01
566,Andy Ibáñez,29,TEX,AL,128,-7,0,1,2,0,-5,-0.5,4,0,-0.1,.487,.497,-0.3,0.2,-2,5/D34H,,ibanean01
567,Alex Jackson,26,MIL,NL,12,-1,0,0,0,0,-1,-0.1,0,0,-0.1,.484,.500,-0.1,0.0,0,/2H,,jacksal02
568,Drew Jackson,28,OAK,AL,3,-1,0,0,0,0,-1,-0.1,0,-1,-0.1,.471,.499,-0.1,0.0,-1,/957H,,jacksdr01
569,Bryan Lavastida,23,CLE,AL,15,-1,0,0,0,0,-1,-0.1,1,-1,-0.1,.480,.499,-0.1,0.0,-1,/2,,lavasbr01
570,Josh Lester*,27,DET,AL,5,-1,0,0,0,0,-1,-0.2,0,-1,-0.1,.425,.499,-0.1,0.0,-1,/5DH,,lestejo02
571,Kyle Lewis,26,SEA,AL,62,-3,0,0,1,-1,-3,-0.3,2,-1,-0.1,.483,.498,-0.2,0.0,-2,D/9H7,,lewisky01
572,Deven Marrero,31,NYM,NL,6,-2,0,0,0,0,-1,-0.1,0,-1,-0.1,.473,.499,-0.1,0.0,-1,/65DH,,marrede01
573,J.J. Matijevic*,26,HOU,AL,71,-2,1,0,0,-2,-3,-0.3,2,0,-0.1,.491,.498,-0.1,-0.2,0,HD3/7,,matijjj01
574,James McCann,32,NYM,NL,191,-9,0,-1,-1,4,-7,-0.8,7,-1,-0.1,.487,.495,-0.1,0.3,0,2/3H,,mccanja02
575,Yermín Mercedes,29,SFG,NL,83,0,0,0,-2,-2,-4,-0.4,3,-1,-0.1,.488,.498,0.1,-0.4,1,D/H732,,merceye01
576,Yairo Muñoz,27,PHI,NL,60,-1,0,0,-3,0,-3,-0.3,2,-1,-0.1,.490,.498,0.2,-0.3,2,4/5H97,,munozya01
577,Simón Muzziotti*,23,PHI,NL,9,-1,0,0,0,0,-1,-0.1,0,0,-0.1,.491,.500,-0.1,0.0,0,/8H,,muzzisi01
578,Logan O'Hoppe,22,LAA,AL,16,0,0,0,-1,0,-1,-0.1,1,-1,-0.1,.477,.499,0.0,-0.1,0,/2,,ohopplo01
579,Manny Piña,35,ATL,NL,17,-2,0,0,0,0,-1,-0.2,1,-1,-0.1,.470,.499,-0.1,0.0,-1,/2,,pinama01
580,Nick Plummer*,25,NYM,NL,31,-2,0,0,0,-1,-2,-0.2,1,-1,-0.1,.485,.499,-0.1,-0.1,-1,/9D7H,,plummni01
581,Víctor Reyes#,27,DET,AL,336,-7,0,0,-1,-3,-11,-1.2,11,1,-0.1,.487,.493,0.1,-0.5,1,97H/8D,,reyesvi01
582,Kramer Robertson,27,STL,NL,1,0,0,0,-1,0,-1,-0.1,0,-1,-0.1,.434,.499,0.0,-0.1,0,/H6D,,roberkr01
583,Donny Sands,26,PHI,NL,4,0,0,0,0,0,-1,-0.1,0,-1,-0.1,.475,.500,-0.1,0.0,-1,/H2D,,sandsdo01
584,Zack Short,27,DET,AL,13,-2,1,0,0,0,-1,-0.2,0,-1,-0.1,.474,.499,-0.1,0.0,-1,/64DH,,shortza01
585,Andrelton Simmons,32,CHC,NL,85,-8,1,0,3,1,-3,-0.4,3,-1,-0.1,.489,.498,-0.4,0.5,-4,46/DH1,,simmoan01
586,Canaan Smith-Njigba*,23,PIT,NL,7,0,0,0,-1,0,-1,-0.1,0,-1,-0.1,.469,.499,0.0,-0.1,0,/7H,,smithca05
587,DJ Stewart*,28,BAL,AL,3,-1,0,0,0,0,-1,-0.1,0,-1,-0.1,.473,.500,-0.1,0.0,-1,/H,,stewadj01
588,Kyle Stowers*,24,BAL,AL,98,0,0,0,-3,-1,-4,-0.5,3,-1,-0.1,.486,.497,0.2,-0.5,2,79/HD,,stoweky01
589,Matt Thaiss*,27,LAA,AL,81,-2,0,0,-2,0,-3,-0.4,3,-1,-0.1,.488,.498,0.1,-0.2,1,23/H5,,thaisma01
590,Michael Toglia#,23,COL,NL,120,-3,0,0,-1,-1,-5,-0.5,4,0,-0.1,.484,.497,0.0,-0.2,1,93/H,,toglimi01
591,Chad Wallach,30,LAA,AL,40,-3,0,0,0,1,-3,-0.3,1,-1,-0.1,.477,.498,-0.1,0.1,-1,2,,wallach01
592,Jesse Winker*,28,SEA,AL,547,5,-2,-1,-15,-5,-18,-1.9,19,1,-0.1,.486,.488,1.5,-2.2,16,*7D/H,,winkeje01
593,Tony Wolters*,30,LAD,NL,4,-1,0,0,0,0,-1,-0.1,0,-1,-0.1,.442,.499,-0.1,0.0,-1,/24DH,,wolteto01
594,Connor Wong,26,BOS,AL,56,-3,1,0,-2,1,-3,-0.3,2,-1,-0.1,.488,.498,0.1,-0.1,1,2/H45D,,wongco01
595,Jake Lamb*,31,2TM,2LG,111,1,-1,-1,-2,-2,-5,-0.5,4,-1,-0.2,.487,.499,0.1,-0.5,1,D7/H935,,lambja01
595,Jake Lamb*,31,LAD,NL,77,2,0,-1,0,-2,-1,-0.1,3,2,0.2,.496,.499,0.2,-0.2,2,D/7H3,,lambja01
595,Jake Lamb*,31,SEA,AL,34,-1,0,0,-2,-1,-4,-0.5,1,-3,-0.3,.472,.497,-0.1,-0.3,-1,/975H3D,,lambja01
596,Rylan Bannon,26,2TM,2LG,15,-1,0,0,-1,0,-2,-0.2,1,-2,-0.2,.456,.499,-0.1,-0.1,-1,/54D,,bannory01
596,Rylan Bannon,26,BAL,AL,15,-1,0,0,-1,0,-2,-0.2,1,-2,-0.2,.445,.499,-0.1,-0.1,-1,/5D,,bannory01
596,Rylan Bannon,26,ATL,NL,0,0,0,0,0,0,0,0.0,0,0,0.0,.500,.500,0.0,0.0,0,/4,,bannory01
597,Óscar Mercado,27,2TM,2LG,128,-3,0,0,0,-2,-6,-0.6,4,-1,-0.2,.489,.496,-0.2,-0.2,-1,97H/8D,,mercaos01
597,Óscar Mercado,27,CLE,AL,127,-3,0,0,0,-2,-5,-0.6,4,-1,-0.2,.489,.496,-0.1,-0.2,-1,97H/8D,,mercaos01
597,Óscar Mercado,27,PHI,NL,1,0,0,0,0,0,0,0.0,0,0,0.0,.472,.500,0.0,0.0,0,/8H,,mercaos01
598,Andrew Knapp#,30,3TM,2LG,46,-4,0,0,0,1,-3,-0.4,2,-2,-0.2,.478,.499,-0.2,0.1,-2,2/H,,knappan01
598,Andrew Knapp#,30,2TM,NL,42,-3,0,0,0,1,-2,-0.3,1,-1,-0.1,.482,.499,-0.1,0.1,-1,2/H,,knappan01
598,Andrew Knapp#,30,PIT,NL,35,-3,0,0,0,1,-2,-0.3,1,-1,-0.1,.476,.498,-0.1,0.1,-1,2/H,,knappan01
598,Andrew Knapp#,30,SEA,AL,4,-1,0,0,0,0,-1,-0.1,0,-1,-0.1,.451,.499,-0.1,0.0,-1,/2,,knappan01
598,Andrew Knapp#,30,SFG,NL,7,0,0,0,0,0,0,0.0,0,0,0.0,.503,.500,0.0,0.0,0,/2,,knappan01
599,Whit Merrifield,33,2TM,AL,550,-9,1,-1,-10,1,-18,-1.9,18,1,-0.2,.486,.493,0.9,-1.0,11,498/H7D31,,merriwh01
599,Whit Merrifield,33,KCR,AL,420,-11,1,0,-5,1,-15,-1.6,14,-1,-0.3,.483,.490,0.3,-0.5,4,49/8D,,merriwh01
599,Whit Merrifield,33,TOR,AL,130,2,0,0,-5,0,-3,-0.3,4,1,0.1,.492,.498,0.6,-0.5,6,48/H9731,,merriwh01
600,Luke Williams,25,2TM,NL,136,-5,1,0,0,-1,-6,-0.6,5,-1,-0.2,.492,.497,-0.2,-0.1,-1,57H4/D3,,willilu01
600,Luke Williams,25,SFG,NL,12,-1,0,0,0,0,0,0.0,0,0,0.0,.498,.500,0.0,0.0,0,/5H7,,willilu01
600,Luke Williams,25,MIA,NL,124,-5,0,0,0,-1,-5,-0.6,4,-1,-0.2,.492,.496,-0.2,-0.1,-1,7H54/D3,,willilu01
601,Jonathan Aranda*,24,TBR,AL,87,-3,0,0,-1,0,-4,-0.5,3,-1,-0.2,.485,.497,-0.1,-0.2,0,43/H5D7,,arandjo01
602,Will Benson*,24,CLE,AL,61,-4,-1,0,1,0,-4,-0.4,2,-2,-0.2,.485,.497,-0.3,0.1,-3,8/H97D,,bensowi01
603,Skye Bolt#,28,OAK,AL,116,-4,0,0,-3,1,-6,-0.6,4,-2,-0.2,.485,.496,0.1,-0.3,1,8/H97,,boltsk01
604,Luis Campusano,23,SDP,NL,50,-2,0,0,-1,0,-4,-0.4,2,-2,-0.2,.476,.498,-0.1,-0.1,-1,2/DH,,campulu01
605,Michael Chavis,26,PIT,NL,426,-12,-2,2,2,-5,-15,-1.6,15,-1,-0.2,.488,.490,-0.4,-0.3,-3,3H4/5D,,chavimi01
606,Kody Clemens*,26,DET,AL,127,-9,1,0,4,-1,-5,-0.6,4,-1,-0.2,.490,.496,-0.7,0.3,-5,5H3/471D,,clemeko01
607,Franchy Cordero*,27,BOS,AL,275,-3,1,2,-5,-5,-10,-1.1,9,-1,-0.2,.487,.493,0.4,-1.1,4,397H/D8,,cordefr02
608,Narciso Crook,26,CHC,NL,9,-1,0,0,-1,0,-2,-0.2,0,-2,-0.2,.445,.499,-0.1,-0.1,-1,/9H8,,crookna01
609,Corey Dickerson*,33,STL,NL,297,-2,1,0,-6,-4,-11,-1.1,10,-1,-0.2,.488,.493,0.4,-1.1,5,7DH9/1,,dickeco01
610,Jarren Duran*,25,BOS,AL,223,-5,1,2,-8,1,-9,-1.0,8,-1,-0.2,.483,.494,0.7,-0.8,7,8/9HD,,duranja01
611,Jerar Encarnacion,24,MIA,NL,81,-5,1,0,1,-1,-4,-0.5,3,-2,-0.2,.480,.497,-0.3,0.0,-3,79/DH,,encarje01
612,Freddy Fermin,27,KCR,AL,7,-2,0,0,0,0,-2,-0.2,0,-1,-0.2,.441,.499,-0.2,0.0,-1,/2,,fermifr01
613,Cam Gallagher,29,KCR,AL,47,-1,-1,0,-2,1,-3,-0.3,2,-1,-0.2,.483,.498,0.1,-0.1,1,2,,gallaca01
614,Niko Goodrum#,30,HOU,AL,45,-5,0,0,1,0,-4,-0.4,2,-2,-0.2,.474,.498,-0.4,0.1,-3,4/3DH,,goodrni01
615,Yuli Gurriel,38,HOU,AL,584,-11,1,-1,-2,-7,-20,-2.2,20,0,-0.2,.485,.487,0.0,-1.0,2,*3/DH,,gourryu01
616,Ronald Guzmán*,27,NYY,AL,6,-2,0,0,0,0,-2,-0.2,0,-2,-0.2,.431,.499,-0.2,0.0,-2,/3,,guzmaro01
617,P.J. Higgins,29,CHC,NL,229,-2,-2,0,-5,0,-9,-0.9,8,-1,-0.2,.488,.494,0.4,-0.5,4,32H/5D,,higgipj01
618,Luis Liberato*,26,SDP,NL,5,-1,0,0,0,0,-2,-0.2,0,-1,-0.2,.476,.499,-0.2,0.0,-1,/HD789,,liberlu01
619,Christian Lopes,29,OAK,AL,10,-2,0,0,0,0,-2,-0.2,0,-2,-0.2,.441,.499,-0.2,0.0,-2,/4H79D,,lopesch01
620,Miles Mastrobuoni*,26,TBR,AL,17,-1,0,0,-1,0,-2,-0.2,1,-2,-0.2,.471,.499,-0.1,-0.1,-1,/49H,,mastrmi01
621,Jack Mayfield,31,LAA,AL,74,-5,1,0,0,0,-4,-0.4,3,-1,-0.2,.483,.498,-0.2,0.0,-1,4/59H71D,,mayfija01
622,Adalberto Mondesí#,26,KCR,AL,54,-7,1,0,1,1,-4,-0.4,2,-2,-0.2,.473,.498,-0.3,0.2,-3,6,,mondera02
623,Taylor Motter,32,CIN,NL,6,-1,0,0,-1,0,-2,-0.2,0,-2,-0.2,.406,.499,-0.1,-0.1,-1,/54,,motteta01
624,Bo Naylor*,22,CLE,AL,8,-2,0,0,0,0,-2,-0.2,0,-2,-0.2,.457,.499,-0.2,0.0,-2,/2D,,naylobo01
625,Chris Okey,27,CIN,NL,13,-1,0,0,-1,0,-2,-0.3,0,-2,-0.2,.465,.498,-0.1,-0.1,-1,/2,,okeych01
626,Joshua Palacios*,26,WSN,NL,49,-3,0,0,1,-1,-3,-0.3,2,-2,-0.2,.488,.498,-0.3,0.0,-3,H9/7D,,palacjo01
627,Richie Palacios*,25,CLE,AL,123,-5,0,0,1,-2,-6,-0.6,4,-1,-0.2,.489,.496,-0.3,-0.1,-2,7HD/4,,palacri01
628,Carlos Pérez,25,CHW,AL,18,-1,0,0,-2,0,-3,-0.3,1,-2,-0.2,.459,.498,0.0,-0.2,0,/2H,,perezca03
629,Kevin Pillar,33,LAD,NL,13,-2,-1,0,1,0,-2,-0.2,0,-1,-0.2,.451,.499,-0.3,0.1,-2,/78,,pillake01
630,Israel Pineda,22,WSN,NL,14,-2,0,0,0,0,-2,-0.2,0,-1,-0.2,.451,.499,-0.2,0.0,-1,/2,,pinedis01
631,René Pinto,25,TBR,AL,83,-4,0,0,-1,2,-4,-0.4,3,-1,-0.2,.482,.497,0.0,0.1,0,2,,pintore02
632,Ford Proctor*,25,SFG,NL,22,-2,0,0,-1,0,-2,-0.3,1,-2,-0.2,.463,.498,-0.1,-0.1,-1,/42H,,proctfo01
633,Pablo Reyes,28,MIL,NL,16,-1,0,0,-1,0,-2,-0.2,1,-1,-0.2,.463,.499,0.0,-0.1,0,/651,,reyespa01
634,Sebastián Rivero,23,KCR,AL,29,-3,0,0,0,1,-3,-0.3,1,-2,-0.2,.483,.498,-0.2,0.1,-2,2/H,,riverse01
635,Max Schrock*,27,CIN,NL,27,-4,0,0,1,0,-3,-0.3,1,-2,-0.2,.476,.498,-0.3,0.1,-3,/H9471D,,schroma01
636,Nick Solak,27,TEX,AL,95,1,-1,0,-3,-2,-4,-0.5,3,-1,-0.2,.487,.497,0.2,-0.5,2,7D/H4,,solakni01
637,Cal Stevenson*,25,OAK,AL,71,-5,0,0,0,0,-4,-0.4,2,-2,-0.2,.481,.497,-0.2,0.0,-1,8/9H7,,steveca01
638,Travis Swaggerty*,24,PIT,NL,9,-2,0,0,0,0,-2,-0.2,0,-2,-0.2,.460,.499,-0.2,0.0,-2,/7H8D,,swaggtr01
639,Cody Thomas*,27,OAK,AL,32,-1,0,0,-2,0,-3,-0.3,1,-2,-0.2,.466,.498,0.0,-0.2,0,7,,thomaco01
640,Mark Vientos,22,NYM,NL,41,-2,0,0,0,-1,-3,-0.4,1,-2,-0.2,.478,.498,-0.2,-0.1,-2,D/H5,,vientma01
641,Joey Votto*,38,CIN,NL,376,-3,-2,-1,-2,-5,-13,-1.4,13,0,-0.2,.485,.491,0.0,-0.7,2,3D/H,,vottojo01
642,Steele Walker*,25,TEX,AL,16,-1,0,0,-1,0,-3,-0.3,1,-2,-0.2,.445,.498,-0.1,-0.1,-1,/79H,,walkest01
643,Zack Collins*,27,2TM,2LG,108,-6,0,0,1,-1,-6,-0.6,4,-2,-0.3,.482,.499,-0.4,0.0,-3,2D/3H,,colliza01
643,Zack Collins*,27,TOR,AL,79,-1,0,0,0,0,-1,-0.1,3,2,0.2,.496,.499,0.2,-0.1,2,D2/H3,,colliza01
643,Zack Collins*,27,PIT,NL,29,-5,0,0,1,0,-5,-0.5,1,-4,-0.4,.448,.497,-0.5,0.1,-5,/32,,colliza01
644,José Godoy*,27,2TM,2LG,22,-4,0,0,0,0,-3,-0.3,1,-2,-0.3,.468,.498,-0.3,0.1,-2,2,,godoyjo01
644,José Godoy*,27,MIN,AL,5,0,0,0,0,0,0,0.0,0,0,0.0,.507,.500,0.0,0.0,0,/2,,godoyjo01
644,José Godoy*,27,PIT,NL,17,-4,0,0,0,0,-3,-0.3,1,-3,-0.3,.458,.498,-0.3,0.0,-3,/2,,godoyjo01
645,Drew Ellis,26,2TM,2LG,17,-1,0,0,-2,0,-3,-0.3,1,-3,-0.3,.455,.499,-0.1,-0.2,-1,/5,,ellisdr01
645,Drew Ellis,26,ARI,NL,14,-1,0,0,-1,0,-2,-0.2,0,-2,-0.2,.464,.499,-0.1,-0.1,-1,/5,,ellisdr01
645,Drew Ellis,26,SEA,AL,3,0,0,0,-1,0,-1,-0.1,0,-1,-0.1,.402,.499,0.0,-0.1,0,/5,,ellisdr01
646,Mike Ford*,29,4TM,2LG,149,-4,-1,0,0,-2,-7,-0.8,5,-2,-0.3,.484,.498,-0.3,-0.3,-2,3DH/1,,fordmi01
646,Mike Ford*,29,2TM,AL,137,-2,-1,0,0,-2,-5,-0.6,5,-1,-0.1,.487,.498,-0.1,-0.2,-1,3D/H,,fordmi01
646,Mike Ford*,29,2TM,NL,12,-2,0,0,0,0,-2,-0.2,0,-2,-0.2,.463,.499,-0.2,0.0,-2,/DH13,,fordmi01
646,Mike Ford*,29,SFG,NL,4,0,0,0,0,0,0,0.0,0,0,0.0,.463,.500,0.0,0.0,0,/3,,fordmi01
646,Mike Ford*,29,SEA,AL,38,-1,0,0,0,-1,-2,-0.2,1,0,-0.1,.489,.499,-0.1,-0.1,0,D/H3,,fordmi01
646,Mike Ford*,29,ATL,NL,8,-2,0,0,0,0,-2,-0.2,0,-1,-0.2,.463,.499,-0.2,0.0,-1,/DH1,,fordmi01
646,Mike Ford*,29,LAA,AL,99,-2,-1,0,0,-1,-4,-0.4,3,0,-0.1,.486,.498,-0.1,-0.1,0,3/H,,fordmi01
647,Ryan Aguilar*,27,LAA,AL,26,-2,0,0,-1,0,-4,-0.4,1,-3,-0.3,.440,.497,-0.2,-0.1,-2,/9738,,aguilry01
648,Brett Baty*,22,NYM,NL,42,-2,0,1,-3,0,-4,-0.4,1,-3,-0.3,.460,.497,0.0,-0.3,0,5,,batybr01
649,Anthony Bemboom*,32,BAL,AL,59,-5,0,0,0,1,-4,-0.5,2,-2,-0.3,.480,.497,-0.3,0.1,-2,2/H,,bemboan01
650,Lewis Brinson,28,SFG,NL,39,-1,0,0,-4,0,-4,-0.4,1,-3,-0.3,.473,.497,0.1,-0.4,1,8/H7,,brinsle01
651,Harold Castro*,28,DET,AL,443,-1,-1,1,-13,-1,-16,-1.7,15,-1,-0.3,.486,.489,1.1,-1.6,12,3564H/D178,,castrha01
652,Tyler Freeman,23,CLE,AL,86,-2,0,0,-5,1,-5,-0.6,3,-2,-0.3,.477,.497,0.3,-0.5,3,5/64HD,,freemty01
653,Romy González,25,CHW,AL,109,-4,-1,0,-2,1,-6,-0.6,4,-2,-0.3,.480,.496,0.0,-0.1,0,4/6H97,,gonzaro01
654,Kelvin Gutiérrez,27,BAL,AL,33,-2,0,0,-2,0,-4,-0.4,1,-2,-0.3,.468,.498,-0.1,-0.2,0,5/HD,,gutieke01
655,Caleb Hamilton,27,MIN,AL,23,-2,0,0,-2,0,-4,-0.4,1,-3,-0.3,.481,.497,-0.1,-0.2,-1,2/H3D,,hamilca01
656,Iván Herrera,22,STL,NL,22,-3,0,0,-1,0,-3,-0.4,1,-3,-0.3,.467,.498,-0.2,-0.1,-2,2,,herreiv01
657,José Herrera#,25,ARI,NL,124,-10,0,0,1,3,-6,-0.7,4,-2,-0.3,.486,.496,-0.4,0.4,-3,2/DH,,herrejo04
658,Jonathan India,25,CIN,NL,431,-2,-2,0,-15,2,-16,-1.7,15,-2,-0.3,.483,.489,1.3,-1.4,13,4D/H,,indiajo01
659,Bryce Johnson#,26,SFG,NL,19,-3,0,0,-1,0,-4,-0.4,1,-3,-0.3,.464,.498,-0.2,-0.1,-2,/897H,,johnsbr03
660,Jarred Kelenic*,22,SEA,AL,181,-9,0,0,2,0,-8,-0.9,6,-2,-0.3,.484,.495,-0.5,0.2,-4,89/H7D,,kelenja01
661,Tim Locastro,29,NYY,AL,46,-2,2,0,-3,-1,-5,-0.5,2,-3,-0.3,.487,.497,0.0,-0.4,0,H7/89D,,locasti01
662,Alejo Lopez#,26,CIN,NL,156,-5,0,1,-4,0,-7,-0.8,5,-2,-0.3,.487,.495,0.1,-0.4,2,4H/5D719,,lopezal03
663,Nicky Lopez*,27,KCR,AL,480,-22,3,3,-7,6,-17,-1.8,16,0,-0.3,.487,.489,0.5,-0.2,7,465H/D1,,lopezni01
664,Patrick Mazeika*,28,NYM,NL,72,-5,-1,0,0,1,-5,-0.5,2,-2,-0.3,.480,.497,-0.3,0.1,-2,2/H3,,mazeipa01
665,Colin Moran*,29,CIN,NL,128,-3,-1,0,-2,-1,-7,-0.7,4,-3,-0.3,.483,.495,-0.1,-0.3,-1,35/HD,,moranco01
666,Rougned Odor*,28,BAL,AL,472,-11,0,0,-10,4,-17,-1.9,16,-1,-0.3,.486,.489,0.8,-0.7,9,*4H/5D,,odorro01
667,Hoy Park*,26,PIT,NL,60,-1,1,0,-5,1,-4,-0.5,2,-2,-0.3,.480,.497,0.3,-0.5,3,4/5H69,,parkho01
668,Nick Pratto*,23,KCR,AL,182,-4,-1,-1,0,-2,-8,-0.9,6,-2,-0.3,.482,.494,-0.3,-0.3,-2,3/7H9,,prattni01
669,Michael Siani*,22,CIN,NL,24,-3,0,0,0,0,-4,-0.4,1,-3,-0.3,.454,.497,-0.3,0.0,-3,/8H,,sianimi01
670,Dee Strange-Gordon*,34,WSN,NL,59,-1,0,0,-4,1,-4,-0.5,2,-2,-0.3,.479,.497,0.1,-0.3,2,6/87H1D,,gordode01
671,Ezequiel Tovar,20,COL,NL,35,-2,0,1,-3,1,-4,-0.4,1,-3,-0.3,.453,.497,0.0,-0.3,0,/6,,tovarez01
672,Justin Upton,34,SEA,AL,57,-3,-1,0,0,-1,-5,-0.5,2,-3,-0.3,.469,.497,-0.3,-0.1,-3,D/97H,,uptonju01
673,Andrew Vaughn,24,CHW,AL,555,8,-2,0,-19,-7,-20,-2.1,19,-1,-0.3,.484,.487,1.8,-2.8,18,97D3/H4,,vaughan01
674,Matt Wallner*,24,MIN,AL,65,0,0,0,-4,-1,-5,-0.5,2,-3,-0.3,.472,.497,0.1,-0.5,1,9/DH,,wallnma01
675,Aaron Whitefield,25,LAA,AL,11,-3,0,0,0,0,-3,-0.3,0,-3,-0.3,.432,.498,-0.3,0.0,-3,/987H,,whiteaa01
676,Willie Calhoun*,27,2TM,2LG,62,-3,0,0,0,-2,-5,-0.6,2,-3,-0.4,.474,.498,-0.4,-0.2,-3,D/7H,,calhowi01
676,Willie Calhoun*,27,TEX,AL,53,-2,0,0,0,-1,-4,-0.4,2,-2,-0.2,.478,.498,-0.2,-0.2,-2,D/7H,,calhowi01
676,Willie Calhoun*,27,SFG,NL,9,-1,0,0,0,0,-2,-0.2,0,-1,-0.1,.460,.499,-0.1,0.0,-1,/D,,calhowi01
677,Steven Duggar*,28,3TM,2LG,80,-7,1,0,0,0,-6,-0.7,3,-4,-0.4,.476,.499,-0.5,0.0,-4,87/H,,duggast01
677,Steven Duggar*,28,2TM,AL,41,-4,0,0,1,0,-4,-0.4,1,-3,-0.3,.474,.499,-0.4,0.1,-4,7/8H,,duggast01
677,Steven Duggar*,28,SFG,NL,39,-3,1,0,-1,0,-2,-0.2,1,-1,-0.1,.479,.498,0.0,-0.1,0,8/7,,duggast01
677,Steven Duggar*,28,TEX,AL,19,-2,0,0,1,0,-1,-0.1,1,0,0.0,.489,.499,-0.1,0.1,-1,/78H,,duggast01
677,Steven Duggar*,28,LAA,AL,22,-3,0,0,0,0,-3,-0.4,1,-2,-0.3,.462,.498,-0.3,0.0,-2,/78,,duggast01
678,Brent Rooker,27,2TM,2LG,36,-4,0,0,0,-1,-5,-0.6,1,-4,-0.4,.466,.498,-0.4,-0.1,-4,/7HD9,,rookebr01
678,Brent Rooker,27,SDP,NL,7,-2,0,0,0,0,-2,-0.2,0,-2,-0.2,.396,.499,-0.2,0.0,-2,/7,,rookebr01
678,Brent Rooker,27,KCR,AL,29,-2,0,0,0,-1,-3,-0.3,1,-2,-0.2,.475,.498,-0.2,-0.1,-2,/H7D9,,rookebr01
679,David MacKinnon,27,2TM,AL,57,-5,1,0,0,0,-5,-0.6,2,-3,-0.4,.473,.498,-0.4,0.0,-3,3/H5,,mackida01
679,David MacKinnon,27,LAA,AL,43,-2,0,0,-1,0,-4,-0.4,1,-2,-0.3,.476,.498,-0.1,-0.1,-1,/3H5,,mackida01
679,David MacKinnon,27,OAK,AL,14,-3,0,0,1,0,-2,-0.2,0,-1,-0.2,.467,.499,-0.3,0.1,-2,/3H,,mackida01
680,Tres Barrera,27,WSN,NL,53,-5,0,0,-1,1,-5,-0.6,2,-3,-0.4,.470,.497,-0.3,0.0,-2,2,,barretr01
681,Bobby Bradley*,26,CLE,AL,17,-3,0,0,-1,0,-4,-0.4,1,-3,-0.4,.445,.497,-0.3,-0.1,-2,/3H,,bradlbo01
682,Peyton Burdick,25,MIA,NL,102,-2,0,0,-4,0,-7,-0.7,3,-3,-0.4,.479,.496,0.1,-0.4,1,78/9H,,burdipe01
683,Lorenzo Cain,36,MIL,NL,156,-12,0,0,2,1,-8,-0.9,5,-3,-0.4,.480,.495,-0.6,0.4,-5,8/H,,cainlo01
684,Jason Delay,27,PIT,NL,167,-9,-2,-1,-1,3,-9,-1.0,6,-3,-0.4,.483,.494,-0.3,0.3,-2,2,,delayja01
685,Alex Dickerson*,32,ATL,NL,36,-4,0,-1,0,-1,-5,-0.5,1,-4,-0.4,.458,.497,-0.4,-0.1,-4,D/H9,,dickeal01
686,Matt Duffy,31,LAA,AL,247,-7,-1,0,-3,0,-11,-1.2,8,-3,-0.4,.484,.492,-0.1,-0.3,0,534H,,duffyma01
687,Didi Gregorius*,32,PHI,NL,232,-11,1,1,-5,3,-11,-1.2,8,-3,-0.4,.481,.493,0.1,-0.1,2,6/H,,gregodi01
688,Austin Hedges,29,CLE,AL,338,-22,-2,-2,5,7,-13,-1.5,12,-2,-0.4,.486,.491,-0.9,1.2,-7,2,,hedgeau01
689,Guillermo Heredia,31,ATL,NL,82,-5,1,0,1,-3,-6,-0.6,3,-3,-0.4,.492,.496,-0.5,-0.2,-4,79H/8D,,heredgu01
690,Michael Hermosillo,27,CHC,NL,73,-6,0,0,0,0,-6,-0.6,2,-3,-0.4,.480,.496,-0.4,0.1,-3,8/H97,,hermomi01
691,Elier Hernández,27,TEX,AL,35,-3,-1,0,0,-1,-5,-0.6,1,-4,-0.4,.461,.497,-0.4,-0.1,-4,/7DH39,,hernael02
692,Alex Kirilloff*,24,MIN,AL,156,-2,-1,0,-3,-2,-9,-1.0,5,-3,-0.4,.479,.494,-0.1,-0.6,0,73/9DH,,kirilal01
693,Calvin Mitchell*,23,PIT,NL,232,-5,1,0,-5,-3,-12,-1.2,8,-4,-0.4,.482,.492,0.1,-0.8,1,9D/H,,mitchca01
694,Dom Nuñez*,27,COL,NL,41,-4,0,0,-1,1,-5,-0.5,1,-3,-0.4,.463,.497,-0.3,0.0,-2,2,,nunezdo01
695,Magneuris Sierra*,26,LAA,AL,96,-10,1,0,2,0,-6,-0.7,3,-3,-0.4,.485,.496,-0.6,0.2,-5,87/H9,,sierrma01
696,Dominic Smith*,27,NYM,NL,152,-6,0,1,0,-3,-8,-0.9,5,-3,-0.4,.485,.495,-0.4,-0.4,-3,3DH,,smithdo02
697,Steven Souza Jr.,33,SEA,AL,19,-2,0,0,-1,0,-4,-0.5,1,-4,-0.4,.423,.497,-0.3,-0.1,-3,/9D,,souzast01
698,Kurt Suzuki,38,LAA,AL,159,-7,-1,0,-3,3,-9,-1.0,5,-3,-0.4,.481,.494,-0.1,-0.1,0,2/HD3,,suzukku01
699,Miguel Vargas,22,LAD,NL,50,-4,0,0,0,-1,-5,-0.5,2,-3,-0.4,.471,.497,-0.4,-0.1,-3,/37D5H,,vargami01
700,Matt Vierling,25,PHI,NL,357,-8,-1,0,-5,-1,-15,-1.6,12,-3,-0.4,.486,.490,0.1,-0.6,2,897H/543D,,vierlma01
701,Ehire Adrianza#,32,2TM,NL,110,-8,0,1,-1,0,-8,-0.8,4,-4,-0.5,.477,.496,-0.4,-0.1,-3,5/74H61D,,adriaeh01
701,Ehire Adrianza#,32,WSN,NL,94,-7,0,1,-2,0,-8,-0.8,3,-5,-0.5,.473,.495,-0.3,-0.2,-3,5/7H461D,,adriaeh01
701,Ehire Adrianza#,32,ATL,NL,16,-1,-1,0,1,0,0,0.0,1,1,0.1,.501,.500,-0.1,0.1,0,/456,,adriaeh01
702,Jonathan Araúz#,23,2TM,AL,41,-5,0,0,-2,0,-6,-0.6,1,-4,-0.5,.460,.498,-0.3,-0.2,-2,/546H,,arauzjo01
702,Jonathan Araúz#,23,BOS,AL,12,-3,0,0,-1,0,-3,-0.4,0,-3,-0.4,.437,.498,-0.2,-0.1,-2,/46H,,arauzjo01
702,Jonathan Araúz#,23,BAL,AL,29,-1,0,0,-1,0,-2,-0.2,1,-1,-0.1,.475,.499,0.0,-0.1,0,/546H,,arauzjo01
703,Sandy León#,33,2TM,AL,86,-5,-1,0,-3,2,-7,-0.8,3,-4,-0.5,.476,.497,-0.2,-0.1,-1,2/1,,leonsa01
703,Sandy León#,33,CLE,AL,21,0,0,0,-2,0,-2,-0.2,1,-1,-0.2,.472,.499,0.1,-0.2,1,/21,,leonsa01
703,Sandy León#,33,MIN,AL,65,-4,-1,0,-1,1,-5,-0.6,2,-3,-0.4,.477,.496,-0.3,0.0,-2,2,,leonsa01
704,Esteury Ruiz,23,2TM,NL,36,-3,-1,0,-2,0,-6,-0.7,1,-5,-0.5,.461,.497,-0.3,-0.3,-3,/789H,,ruizes01
704,Esteury Ruiz,23,SDP,NL,27,-2,-1,0,-2,0,-4,-0.5,1,-4,-0.4,.467,.497,-0.2,-0.3,-1,/978H,,ruizes01
704,Esteury Ruiz,23,MIL,NL,9,-2,0,0,0,0,-2,-0.2,0,-2,-0.2,.433,.499,-0.2,0.0,-1,/78H,,ruizes01
705,Eddy Alvarez*,32,LAD,NL,27,-4,0,0,-1,0,-5,-0.6,1,-4,-0.5,.460,.497,-0.4,-0.1,-3,/59HD67,,alvared01
706,Travis Demeritte,27,ATL,NL,96,-5,0,0,-1,-1,-7,-0.8,3,-4,-0.5,.470,.495,-0.4,-0.2,-3,9/7H,,demertr01
707,Lewin Díaz*,25,MIA,NL,174,-12,0,0,5,-3,-10,-1.0,6,-4,-0.5,.482,.493,-1.0,0.3,-9,3/DH,,diazle01
708,Alcides Escobar,35,WSN,NL,131,-6,0,1,-5,2,-9,-0.9,4,-4,-0.5,.477,.494,0.0,-0.3,1,6/H14,,escobal02
709,Estevan Florial*,24,NYY,AL,35,-5,1,0,-2,0,-6,-0.6,1,-4,-0.5,.464,.496,-0.3,-0.2,-2,8/H7D,,flories01
710,Cooper Hummel#,27,ARI,NL,201,-8,1,0,-3,-1,-11,-1.1,7,-4,-0.5,.483,.493,-0.2,-0.4,-1,7H2D/9,,hummeco01
711,Korey Lee,23,HOU,AL,26,-3,0,0,-3,1,-5,-0.6,1,-4,-0.5,.454,.497,-0.2,-0.3,-1,2/H,,leeko01
712,Vimael Machín*,28,OAK,AL,253,-5,-1,-1,-7,2,-12,-1.4,9,-4,-0.5,.482,.492,0.3,-0.6,3,5H/46D,,machivi01
713,Tyler Nevin,25,BAL,AL,184,-5,0,-1,-4,0,-10,-1.1,6,-4,-0.5,.482,.493,0.0,-0.4,0,5/3D79,,nevinty01
714,Ryan O'Hearn*,28,KCR,AL,145,-5,0,1,-2,-3,-9,-1.0,5,-4,-0.5,.485,.494,-0.3,-0.5,-2,HD39,,ohearry01
715,Chris Owings,30,BAL,AL,68,-6,0,0,-1,1,-6,-0.7,2,-4,-0.5,.474,.496,-0.4,0.0,-3,4/6H517,,owingch01
716,Heliot Ramos,22,SFG,NL,22,-2,0,0,-3,0,-6,-0.6,1,-5,-0.5,.435,.496,-0.2,-0.3,-2,/97H,,ramoshe02
717,Zach Reks*,28,TEX,AL,34,-2,-1,0,-3,0,-6,-0.6,1,-5,-0.5,.461,.496,-0.2,-0.4,-2,7/H9,,reksza01
718,Chuckie Robinson,27,CIN,NL,60,-7,0,0,0,1,-7,-0.7,2,-5,-0.5,.472,.496,-0.5,0.2,-5,2,,robinch04
719,Gavin Sheets*,26,CHW,AL,410,0,-1,-1,-10,-5,-17,-1.8,14,-3,-0.5,.485,.489,0.7,-1.7,7,9HD3/7,,sheetga01
720,Lenyn Sosa,22,CHW,AL,36,-4,0,0,-2,0,-5,-0.6,1,-4,-0.5,.447,.496,-0.3,-0.2,-2,/46DH,,sosale01
721,Max Stassi,31,LAA,AL,375,-17,-2,-1,-3,7,-16,-1.8,13,-3,-0.5,.483,.489,-0.2,0.4,0,2/HD,,stassma01
722,Kevin Padlo,25,3TM,2LG,34,-5,0,0,-1,0,-6,-0.7,1,-5,-0.6,.448,.499,-0.5,-0.1,-4,/35H,,padloke01
722,Kevin Padlo,25,2TM,NL,23,-4,0,0,-1,0,-6,-0.6,1,-5,-0.6,.411,.498,-0.5,-0.1,-4,/53,,padloke01
722,Kevin Padlo,25,SFG,NL,12,-2,0,0,-1,0,-3,-0.3,0,-2,-0.3,.425,.498,-0.2,-0.1,-1,/53,,padloke01
722,Kevin Padlo,25,SEA,AL,11,0,0,0,0,0,-1,-0.1,0,0,0.0,.492,.500,0.0,0.0,0,/3H,,padloke01
722,Kevin Padlo,25,PIT,NL,11,-3,0,0,0,0,-3,-0.3,0,-3,-0.3,.393,.498,-0.3,0.0,-2,/53,,padloke01
723,Matt Davidson,31,2TM,2LG,37,-2,0,0,-4,0,-7,-0.7,1,-5,-0.6,.446,.497,-0.2,-0.4,-1,/5DH3,,davidma02
723,Matt Davidson,31,ARI,NL,13,0,0,0,-1,0,-1,-0.1,0,-1,-0.1,.479,.499,0.0,-0.1,0,/5DH,,davidma02
723,Matt Davidson,31,OAK,AL,24,-2,0,0,-3,0,-6,-0.6,1,-5,-0.5,.426,.496,-0.2,-0.3,-2,/53DH,,davidma02
724,Yolmer Sánchez#,30,2TM,2LG,44,-6,-1,0,-1,0,-7,-0.8,2,-5,-0.6,.456,.497,-0.5,-0.1,-4,4/516H,,sanchca01
724,Yolmer Sánchez#,30,BOS,AL,44,-6,-1,0,0,0,-6,-0.7,2,-4,-0.5,.453,.496,-0.5,0.0,-4,4/1,,sanchca01
724,Yolmer Sánchez#,30,NYM,NL,0,0,0,0,-1,0,-1,-0.1,0,-1,-0.1,.466,.499,0.0,-0.1,0,/56H,,sanchca01
725,Michael Papierski#,26,2TM,NL,103,-10,0,-1,0,2,-9,-0.9,4,-5,-0.6,.476,.496,-0.6,0.2,-5,2/3H,,papiemi01
725,Michael Papierski#,26,SFG,NL,10,-2,0,0,0,0,-2,-0.2,0,-2,-0.2,.460,.499,-0.2,0.0,-2,/23H,,papiemi01
725,Michael Papierski#,26,CIN,NL,93,-8,0,-1,0,2,-7,-0.7,3,-4,-0.4,.478,.495,-0.4,0.2,-4,2,,papiemi01
726,Tim Beckham,32,MIN,AL,25,-5,0,0,0,-1,-6,-0.6,1,-5,-0.6,.448,.496,-0.6,-0.1,-5,/H7D3,,beckhti01
727,Vidal Bruján#,24,TBR,AL,162,-10,-1,0,1,0,-10,-1.1,6,-5,-0.6,.479,.493,-0.7,0.1,-6,49/H6578D,,brujavi01
728,Jason Castro*,35,HOU,AL,88,-9,0,0,-1,2,-8,-0.9,3,-5,-0.6,.473,.494,-0.5,0.1,-4,2/H,,castrja01
729,Jeter Downs,23,BOS,AL,41,-5,0,0,-3,0,-7,-0.8,1,-6,-0.6,.446,.495,-0.3,-0.3,-3,/45H6D,,downsje01
730,Lucius Fox#,24,WSN,NL,28,-4,0,0,-2,0,-6,-0.7,1,-5,-0.6,.434,.496,-0.4,-0.2,-3,/65H,,foxlu01
731,Jason Heyward*,32,CHC,NL,151,-8,0,0,-2,0,-10,-1.1,5,-5,-0.6,.477,.493,-0.4,-0.2,-3,89/H,,heywaja01
732,Jermaine Palacios,25,MIN,AL,77,-7,0,0,-2,1,-8,-0.8,3,-5,-0.6,.473,.495,-0.4,-0.1,-3,64/H135,,palacje01
733,Chad Pinder,30,OAK,AL,379,-5,0,0,-7,-4,-17,-1.8,13,-4,-0.6,.484,.489,0.2,-1.3,3,79HD/5314,,pindech01
734,Josh VanMeter*,27,PIT,NL,192,-10,1,0,-3,0,-12,-1.2,7,-5,-0.6,.481,.492,-0.3,-0.3,-2,43H/15D29,,vanmejo01
735,Nelson Velázquez,23,CHC,NL,206,-4,1,0,-8,-1,-13,-1.3,7,-6,-0.6,.483,.492,0.2,-0.9,3,89H7/D,,velazne01
736,Stephen Vogt*,37,OAK,AL,191,-8,0,0,-1,-2,-11,-1.2,7,-5,-0.6,.483,.493,-0.5,-0.4,-3,DH23,,vogtst01
737,Austin Romine,33,3TM,2LG,136,-13,-1,0,0,3,-11,-1.2,5,-7,-0.7,.477,.496,-0.7,0.3,-6,2/DH,,rominau01
737,Austin Romine,33,2TM,NL,127,-12,-1,0,0,3,-11,-1.1,4,-6,-0.7,.476,.496,-0.7,0.3,-6,2/DH,,rominau01
737,Austin Romine,33,LAA,AL,9,-1,0,0,0,0,-1,-0.1,0,0,0.0,.482,.500,0.0,0.0,0,/2,,rominau01
737,Austin Romine,33,STL,NL,28,-2,0,0,-1,0,-3,-0.3,1,-2,-0.2,.473,.498,-0.1,-0.1,-1,2/DH,,rominau01
737,Austin Romine,33,CIN,NL,99,-10,-1,0,1,2,-8,-0.8,3,-5,-0.5,.477,.495,-0.6,0.3,-5,2,,rominau01
738,Ernie Clement,26,2TM,AL,179,-12,-2,0,2,0,-11,-1.3,6,-5,-0.7,.482,.495,-0.9,0.2,-7,5H47/D316,,clemeer01
738,Ernie Clement,26,CLE,AL,161,-10,-1,0,3,0,-8,-0.9,6,-2,-0.4,.486,.495,-0.7,0.3,-5,5H47/D31,,clemeer01
738,Ernie Clement,26,OAK,AL,18,-3,0,0,-1,0,-4,-0.4,1,-3,-0.3,.433,.498,-0.2,-0.1,-2,/5H67,,clemeer01
739,Jo Adell,23,LAA,AL,285,-8,-1,-1,-2,-3,-15,-1.6,10,-5,-0.7,.482,.490,-0.4,-0.6,-3,79H/D,,adelljo01
740,Willians Astudillo,30,MIA,NL,55,-3,0,0,-5,0,-8,-0.8,2,-6,-0.7,.461,.495,-0.2,-0.5,-1,/54H31D,,astudwi01
741,JJ Bleday*,24,MIA,NL,238,-10,1,-1,-4,0,-14,-1.4,8,-6,-0.7,.477,.491,-0.3,-0.4,-2,87/H9,,bledajj01
742,Diego Castillo,24,PIT,NL,283,-6,0,-1,-9,1,-15,-1.6,10,-6,-0.7,.483,.490,0.2,-0.8,3,649H/351D,,castidi02
743,Bobby Dalbec,27,BOS,AL,353,-6,0,0,-7,-4,-17,-1.9,12,-5,-0.7,.484,.488,0.1,-1.3,2,35H/D46,,dalbebo01
744,Tommy La Stella*,33,SFG,NL,195,-6,0,0,-3,-4,-13,-1.3,7,-6,-0.7,.478,.492,-0.4,-0.7,-3,DH/534,,lasteto01
745,Tucupita Marcano*,22,PIT,NL,177,-10,1,1,-3,0,-12,-1.3,6,-6,-0.7,.473,.492,-0.4,-0.3,-3,74/H69,,marcatu01
746,Stephen Piscotty,31,OAK,AL,139,-5,0,0,-4,-2,-11,-1.2,5,-6,-0.7,.472,.493,-0.3,-0.6,-2,9/D7H,,piscost01
747,Travis Shaw*,32,BOS,AL,19,-5,0,0,-1,0,-6,-0.7,1,-6,-0.7,.398,.496,-0.6,-0.2,-5,/3DH,,shawtr01
748,Abraham Toro#,25,SEA,AL,352,-16,-1,0,0,0,-17,-1.8,12,-4,-0.7,.483,.489,-0.6,0.0,-4,45DH/39,,toroab01
749,Tyler Wade*,27,LAA,AL,163,-9,0,1,-5,2,-12,-1.3,6,-6,-0.7,.481,.492,-0.2,-0.4,-1,465H/798D,,wadety01
750,Jared Walsh*,28,LAA,AL,454,-12,-1,1,-2,-5,-20,-2.2,16,-5,-0.7,.481,.486,-0.4,-0.8,-2,*3H/7,,walshja01
751,Jackie Bradley Jr.*,32,2TM,AL,370,-19,-2,2,3,-2,-18,-2.0,13,-5,-0.8,.485,.493,-1.0,0.1,-8,*98/H1,,bradlja02
751,Jackie Bradley Jr.*,32,BOS,AL,290,-15,-2,2,4,-2,-12,-1.4,10,-3,-0.4,.485,.492,-0.8,0.2,-6,98/H1,,bradlja02
751,Jackie Bradley Jr.*,32,TOR,AL,80,-5,0,1,-1,0,-6,-0.6,3,-3,-0.3,.485,.496,-0.2,-0.2,-2,89,,bradlja02
752,Matt Beaty*,29,SDP,NL,47,-6,0,0,-2,-1,-9,-0.9,2,-7,-0.8,.452,.494,-0.6,-0.3,-5,9/H3D7,,beatyma01
753,Aramis Garcia,29,CIN,NL,115,-9,-1,-1,-2,2,-11,-1.1,4,-7,-0.8,.475,.493,-0.6,0.0,-5,2/3HD,,garciar01
754,Billy McKinney*,27,OAK,AL,57,-7,-1,0,0,-1,-9,-1.0,2,-7,-0.8,.457,.494,-0.8,-0.1,-7,9/3H7D,,mckinbi01
755,Sheldon Neuse,27,OAK,AL,293,-11,1,0,-5,0,-16,-1.7,10,-6,-0.8,.481,.490,-0.2,-0.5,-1,543HD/16,,neusesh01
756,Miguel Sanó,29,MIN,AL,71,-8,-1,0,0,-1,-9,-1.0,2,-7,-0.8,.448,.494,-0.8,-0.1,-7,3/D,,sanomi01
757,Jacob Stallings,32,MIA,NL,384,-15,-2,-2,-8,7,-20,-2.0,13,-6,-0.8,.482,.487,0.1,0.0,2,*2/HD,,stallja01
758,Mike Zunino,31,TBR,AL,123,-9,-1,0,-4,2,-11,-1.2,4,-7,-0.8,.466,.492,-0.4,-0.2,-3,2/H,,zuninmi01
759,Franmil Reyes,26,2TM,2LG,473,-11,-1,-2,0,-9,-22,-2.4,16,-6,-0.9,.479,.492,-0.9,-1.0,-6,D9/H71,,reyesfr01
759,Franmil Reyes,26,CLE,AL,280,-9,0,-1,0,-5,-16,-1.7,10,-6,-0.8,.476,.489,-0.8,-0.6,-6,D9/H7,,reyesfr01
759,Franmil Reyes,26,CHC,NL,193,-2,-1,0,0,-4,-7,-0.7,7,0,-0.1,.485,.496,-0.1,-0.4,0,D/19H,,reyesfr01
760,Mickey Moniak*,24,2TM,2LG,112,-9,1,0,-4,0,-12,-1.3,4,-8,-0.9,.465,.496,-0.5,-0.5,-4,87/H9D,,moniami01
760,Mickey Moniak*,24,PHI,NL,50,-6,1,0,-1,0,-7,-0.7,2,-5,-0.5,.461,.496,-0.4,-0.1,-4,8/9HD,,moniami01
760,Mickey Moniak*,24,LAA,AL,62,-2,0,0,-3,0,-5,-0.6,2,-3,-0.4,.469,.496,-0.1,-0.4,0,7/8H9,,moniami01
761,Leury García#,31,CHW,AL,315,-22,1,0,2,1,-18,-2.0,11,-7,-0.9,.480,.488,-1.1,0.3,-9,469H/75D8,,garcile02
762,Garrett Hampson,27,COL,NL,226,-12,1,0,-7,3,-15,-1.6,8,-8,-0.9,.482,.490,-0.1,-0.5,0,86H4/5D,,hampsga01
763,Juan Lagares,33,LAA,AL,62,-6,0,0,-4,0,-10,-1.1,2,-8,-0.9,.445,.493,-0.5,-0.5,-4,/987H,,lagarju01
764,Mike Moustakas*,33,CIN,NL,285,-10,-1,-1,-3,-3,-17,-1.8,10,-8,-0.9,.476,.489,-0.6,-0.6,-5,D53/H,,moustmi01
765,Marcell Ozuna,31,ATL,NL,507,-9,-1,-1,-6,-8,-24,-2.5,17,-7,-0.9,.479,.484,-0.3,-1.4,-1,D7,,ozunama01
766,Phil Gosselin,33,2TM,2LG,77,-9,-1,1,-2,0,-11,-1.2,3,-8,-1.0,.464,.495,-0.8,-0.2,-6,54/H319D,,gosseph01
766,Phil Gosselin,33,ATL,NL,24,-1,0,0,0,0,-1,-0.2,1,-1,-0.1,.488,.499,-0.1,0.0,-1,4/H9,,gosseph01
766,Phil Gosselin,33,LAA,AL,53,-7,-1,0,-2,0,-10,-1.1,2,-8,-0.9,.452,.493,-0.7,-0.2,-6,5/H31D,,gosseph01
767,Jesús Aguilar,32,2TM,2LG,507,-9,-2,-2,-4,-8,-25,-2.6,17,-8,-1.0,.479,.487,-0.6,-1.3,-4,3DH/5,,aguilje01
767,Jesús Aguilar,32,MIA,NL,456,-7,-2,-2,-4,-7,-21,-2.2,16,-6,-0.7,.480,.486,-0.3,-1.2,-2,3D/H5,,aguilje01
767,Jesús Aguilar,32,BAL,AL,51,-3,0,0,0,-1,-4,-0.4,2,-2,-0.3,.473,.497,-0.3,-0.1,-2,/D3H,,aguilje01
768,Seth Beer*,25,ARI,NL,126,-8,-1,0,-1,-3,-13,-1.4,4,-9,-1.0,.464,.491,-0.9,-0.4,-8,D/3H,,beerse01
769,Bligh Madris*,26,PIT,NL,123,-8,0,1,-4,-2,-13,-1.4,4,-9,-1.0,.464,.491,-0.6,-0.6,-5,9/37HD8,,madribl01
770,Cristian Pache,23,OAK,AL,260,-18,-1,0,1,2,-17,-1.8,9,-8,-1.0,.480,.489,-1.0,0.3,-9,8/H,,pachecr01
771,Cole Tucker#,25,PIT,NL,63,-7,1,0,-5,0,-11,-1.2,2,-9,-1.0,.434,.493,-0.5,-0.5,-4,9/46H,,tuckeco01
772,Miguel Cabrera,39,DET,AL,433,-10,-2,-2,0,-9,-23,-2.6,15,-9,-1.1,.477,.484,-1.1,-1.1,-9,*D/H,AS,cabremi01
773,Hunter Dozier,30,KCR,AL,500,-4,-4,-1,-11,-5,-25,-2.8,17,-8,-1.1,.479,.483,0.1,-1.8,3,395D/7H1,,doziehu01
774,Avisaíl García,31,MIA,NL,380,-15,1,-1,-3,-4,-23,-2.4,13,-10,-1.1,.475,.485,-0.8,-0.7,-7,9D/H,,garciav01
775,Jose Rojas*,29,LAA,AL,57,-8,0,0,-3,0,-12,-1.3,2,-10,-1.1,.441,.492,-0.8,-0.3,-7,5/H97,,rojasjo02
776,Frank Schwindel,30,CHC,NL,292,-10,-1,-2,-2,-5,-19,-2.0,10,-9,-1.1,.473,.488,-0.9,-0.7,-7,3D/H1,,schwifr01
777,Nick Senzel,27,CIN,NL,420,-14,-1,0,-11,3,-24,-2.5,14,-10,-1.1,.477,.484,0.0,-0.8,1,8/DH54,,senzeni01
778,Kevin Plawecki,31,2TM,AL,186,-9,-1,-1,-9,4,-17,-1.9,6,-11,-1.2,.471,.490,-0.3,-0.6,-2,2/H1,,plaweke01
778,Kevin Plawecki,31,BOS,AL,175,-9,-1,-1,-8,3,-16,-1.7,6,-10,-1.1,.472,.490,-0.2,-0.5,-2,2/H1,,plaweke01
778,Kevin Plawecki,31,TEX,AL,11,-1,0,0,-1,0,-2,-0.2,0,-1,-0.1,.442,.499,0.0,-0.1,0,/2,,plaweke01
779,Maikel Franco,29,WSN,NL,388,-13,0,-3,-9,2,-23,-2.4,13,-10,-1.2,.476,.485,-0.2,-0.7,-1,5/H3D,,francma02
780,Jed Lowrie#,38,OAK,AL,184,-11,0,-1,-1,-4,-16,-1.8,6,-10,-1.2,.465,.489,-1.1,-0.5,-9,D/H34,,lowrije01
781,Jonathan Villar#,31,2TM,2LG,220,-10,2,1,-13,2,-19,-2.0,8,-12,-1.3,.466,.493,0.1,-1.2,1,45/H6D,,villajo01
781,Jonathan Villar#,31,CHC,NL,166,-6,1,1,-10,1,-13,-1.3,6,-7,-0.8,.471,.492,0.3,-0.9,3,45/H6D,,villajo01
781,Jonathan Villar#,31,LAA,AL,54,-5,1,0,-3,0,-7,-0.7,2,-5,-0.5,.446,.496,-0.2,-0.3,-2,5,,villajo01
782,Yasmani Grandal#,33,CHW,AL,376,-15,-2,-1,-8,3,-24,-2.6,13,-11,-1.4,.474,.484,-0.5,-0.6,-3,2D/3H,,grandya01
783,Spencer Torkelson,22,DET,AL,404,-12,-2,-2,-4,-5,-25,-2.8,14,-11,-1.4,.475,.483,-0.9,-1.0,-7,*3/H,,torkesp01
784,Robinson Canó*,39,3TM,NL,104,-12,-1,0,-5,0,-17,-1.8,4,-14,-1.5,.444,.496,-1.0,-0.5,-9,4/DH,,canoro01
784,Robinson Canó*,39,NYM,NL,43,-3,-1,0,-3,0,-7,-0.7,1,-5,-0.5,.443,.496,-0.2,-0.3,-2,/4DH,,canoro01
784,Robinson Canó*,39,SDP,NL,34,-6,0,0,0,0,-6,-0.6,1,-5,-0.5,.447,.496,-0.5,0.0,-5,/4HD,,canoro01
784,Robinson Canó*,39,ATL,NL,27,-3,0,0,-2,0,-5,-0.5,1,-4,-0.4,.442,.497,-0.2,-0.2,-2,/4H,,canoro01
785,José Barrero,24,CIN,NL,174,-20,0,0,-2,3,-20,-2.1,6,-14,-1.6,.455,.487,-1.4,0.1,-12,6,,garcijo02
786,Yoshi Tsutsugo*,30,PIT,NL,193,-14,-1,1,-4,-3,-21,-2.3,7,-15,-1.6,.454,.486,-1.2,-0.7,-11,3D/H,,tsutsyo01
787,Darin Ruf,35,2TM,NL,388,-5,0,-1,-15,-7,-28,-2.9,13,-15,-1.7,.475,.490,-0.1,-2.3,0,3DH7/91,,rufda01
787,Darin Ruf,35,SFG,NL,314,2,0,-1,-12,-5,-16,-1.7,11,-5,-0.6,.481,.490,0.6,-1.8,7,37DH/9,,rufda01
787,Darin Ruf,35,NYM,NL,74,-6,0,0,-3,-2,-12,-1.2,3,-9,-1.0,.455,.492,-0.7,-0.5,-6,DH/3917,,rufda01
788,Kole Calhoun*,34,TEX,AL,424,-19,-1,0,-4,-5,-28,-3.1,14,-14,-1.7,.475,.481,-1.3,-1.1,-10,97HD/8,,calhoko01
789,Brad Miller*,32,TEX,AL,241,-10,-1,0,-9,-3,-23,-2.5,8,-14,-1.7,.470,.485,-0.7,-1.3,-5,75DH/9,,millebr02
790,Eddie Rosario*,30,ATL,NL,270,-14,1,1,-11,-3,-26,-2.8,9,-17,-1.9,.465,.483,-0.8,-1.5,-6,79H/D,,rosared01